disease,symptom,disease_umls,symptom_umls
hypertensive disease,pain chest,C0020538,C0008031
hypertensive disease,shortness of breath,C0020538,C0392680
hypertensive disease,dizziness,C0020538,C0012833
hypertensive disease,asthenia,C0020538,C0004093
hypertensive disease,fall,C0020538,C0085639
hypertensive disease,syncope,C0020538,C0039070
hypertensive disease,vertigo,C0020538,C0042571
hypertensive disease,sweat,C0020538,C0038990
hypertensive disease,palpitation,C0020538,C0030252
hypertensive disease,nausea,C0020538,C0027497
hypertensive disease,angina pectoris,C0020538,C0002962
hypertensive disease,pressure chest,C0020538,C0438716
diabetes,polyuria,C0011847,C0032617
diabetes,polydypsia,C0011847,C0085602
diabetes,shortness of breath,C0011847,C0392680
diabetes,pain chest,C0011847,C0008031
diabetes,asthenia,C0011847,C0004093
diabetes,nausea,C0011847,C0027497
diabetes,orthopnea,C0011847,C0085619
diabetes,rale,C0011847,C0034642
diabetes,sweat,C0011847,C0038990
diabetes,unresponsiveness,C0011847,C0241526
diabetes,mental status changes,C0011847,C0856054
diabetes,vertigo,C0011847,C0042571
diabetes,vomiting,C0011847,C0042963
diabetes,labored breathing,C0011847,C0553668
depression mental,feeling suicidal,C0011570,C0424000
depression mental,suicidal,C0011570,C0438696
depression mental,hallucinations auditory,C0011570,C0233762
depression mental,feeling hopeless,C0011570,C0150041
depression mental,weepiness,C0011570,C0424109
depression mental,sleeplessness,C0011570,C0917801
depression mental,motor retardation,C0011570,C0424230
depression mental,irritable mood,C0011570,C0022107
depression mental,blackout,C0011570,C0312422
depression mental,mood depressed,C0011570,C0344315
depression mental,hallucinations visual,C0011570,C0233763
depression mental,worry,C0011570,C0233481
depression mental,agitation,C0011570,C0085631
depression mental,tremor,C0011570,C0040822
depression mental,intoxication,C0011570,C0728899
depression mental,verbal auditory hallucinations,C0011570,C0424068
depression mental,energy increased,C0011570,C0455769
depression mental,difficulty,C0011570,C1299586
depression mental,nightmare,C0011570,C0028084
depression mental,unable to concentrate,C0011570,C0235198
depression mental,homelessness,C0011570,C0237154
coronary arteriosclerosis,pain chest,C0010054,C0008031
coronary arteriosclerosis,angina pectoris,C0010054,C0002962
coronary arteriosclerosis,shortness of breath,C0010054,C0392680
coronary arteriosclerosis,hypokinesia,C0010054,C0086439
coronary arteriosclerosis,sweat,C0010054,C0038990
coronary arteriosclerosis,pressure chest,C0010054,C0438716
coronary arteriosclerosis,dyspnea on exertion,C0010054,C0231807
coronary arteriosclerosis,orthopnea,C0010054,C0085619
coronary arteriosclerosis,chest tightness,C0010054,C0232292
pneumonia,cough,C0032285,C0010200
pneumonia,fever,C0032285,C0015967
pneumonia,decreased translucency,C0032285,C0029053
pneumonia,shortness of breath,C0032285,C0392680
pneumonia,rale,C0032285,C0034642
pneumonia,productive cough,C0032285,C0239134
pneumonia,pleuritic pain,C0032285,C0008033
pneumonia,yellow sputum,C0032285,C0457096
pneumonia,breath sounds decreased,C0032285,C0238844
pneumonia,chill,C0032285,C0085593
pneumonia,rhonchus,C0032285,C0035508
pneumonia,green sputum,C0032285,C0457097
pneumonia,non-productive cough,C0032285,C0850149
pneumonia,wheezing,C0032285,C0043144
pneumonia,haemoptysis,C0032285,C0019079
pneumonia,distress respiratory,C0032285,C0476273
pneumonia,tachypnea,C0032285,C0231835
pneumonia,malaise,C0032285,C0231218
pneumonia,night sweat,C0032285,C0028081
failure heart congestive,shortness of breath,C0018802,C0392680
failure heart congestive,orthopnea,C0018802,C0085619
failure heart congestive,jugular venous distention,C0018802,C0240100
failure heart congestive,rale,C0018802,C0034642
failure heart congestive,dyspnea,C0018802,C0013404
failure heart congestive,cough,C0018802,C0010200
failure heart congestive,wheezing,C0018802,C0043144
accident cerebrovascular,dysarthria,C0038454,C0013362
accident cerebrovascular,asthenia,C0038454,C0004093
accident cerebrovascular,speech slurred,C0038454,C0234518
accident cerebrovascular,facial paresis,C0038454,C0427055
accident cerebrovascular,hemiplegia,C0038454,C0018991
accident cerebrovascular,unresponsiveness,C0038454,C0241526
accident cerebrovascular,seizure,C0038454,C0036572
accident cerebrovascular,numbness,C0038454,C0028643
asthma,wheezing,C0004096,C0043144
asthma,cough,C0004096,C0010200
asthma,shortness of breath,C0004096,C0392680
asthma,chest tightness,C0004096,C0232292
asthma,non-productive cough,C0004096,C0850149
asthma,pleuritic pain,C0004096,C0008033
asthma,productive cough,C0004096,C0239134
asthma,symptom aggravating factors,C0004096,C0436331
asthma,distress respiratory,C0004096,C0476273
myocardial infarction,pain chest,C0027051,C0008031
myocardial infarction,st segment elevation,C0027051,C0520886
myocardial infarction,sweat,C0027051,C0038990
myocardial infarction,shortness of breath,C0027051,C0392680
myocardial infarction,st segment depression,C0027051,C0520887
myocardial infarction,hypokinesia,C0027051,C0086439
myocardial infarction,angina pectoris,C0027051,C0002962
myocardial infarction,pressure chest,C0027051,C0438716
myocardial infarction,t wave inverted,C0027051,C0520888
myocardial infarction,orthopnea,C0027051,C0085619
myocardial infarction,rale,C0027051,C0034642
myocardial infarction,chest tightness,C0027051,C0232292
myocardial infarction,presence of q wave,C0027051,C1305739
myocardial infarction,palpitation,C0027051,C0030252
myocardial infarction,dyspnea,C0027051,C0013404
myocardial infarction,chest discomfort,C0027051,C0235710
myocardial infarction,bradycardia,C0027051,C0428977
myocardial infarction,syncope,C0027051,C0039070
hypercholesterolemia,pain,C0020443,C0030193
hypercholesterolemia,pain chest,C0020443,C0008031
hypercholesterolemia,sweat,C0020443,C0038990
hypercholesterolemia,nonsmoker,C0020443,C0337672
hypercholesterolemia,pressure chest,C0020443,C0438716
hypercholesterolemia,syncope,C0020443,C0039070
hypercholesterolemia,numbness,C0020443,C0028643
hypercholesterolemia,chest discomfort,C0020443,C0235710
hypercholesterolemia,shortness of breath,C0020443,C0392680
hypercholesterolemia,st segment depression,C0020443,C0520887
hypercholesterolemia,worry,C0020443,C0233481
hypercholesterolemia,t wave inverted,C0020443,C0520888
hypercholesterolemia,bradycardia,C0020443,C0428977
hypercholesterolemia,dyspnea,C0020443,C0013404
infection,fever,C0021311,C0015967
infection,erythema,C0021311,C0041834
infection,decreased translucency,C0021311,C0029053
infection,hepatosplenomegaly,C0021311,C0019214
infection,chill,C0021311,C0085593
infection,pruritus,C0021311,C0033774
infection,diarrhea,C0021311,C0011991
infection,abscess bacterial,C0021311,C0549483
infection,swelling,C0021311,C0038999
infection,pain,C0021311,C0030193
infection,apyrexial,C0021311,C0277797
infection,cough,C0021311,C0010200
infection urinary tract,fever,C0042029,C0015967
infection urinary tract,dysuria,C0042029,C0013428
infection urinary tract,hematuria,C0042029,C0018965
infection urinary tract,renal angle tenderness,C0042029,C0235634
infection urinary tract,lethargy,C0042029,C0023380
infection urinary tract,asthenia,C0042029,C0004093
infection urinary tract,hyponatremia,C0042029,C0020625
infection urinary tract,hemodynamically stable,C0042029,C0578150
infection urinary tract,distress respiratory,C0042029,C0476273
infection urinary tract,difficulty passing urine,C0042029,C0241705
infection urinary tract,mental status changes,C0042029,C0856054
infection urinary tract,consciousness clear,C0042029,C0239110
anemia,chill,C0002871,C0085593
anemia,guaiac positive,C0002871,C0744492
anemia,monoclonal,C0002871,C0746619
anemia,ecchymosis,C0002871,C0013491
anemia,tumor cell invasion,C0002871,C1269955
anemia,haemorrhage,C0002871,C0019080
anemia,pallor,C0002871,C0030232
anemia,asthenia,C0002871,C0004093
anemia,fatigue,C0002871,C0015672
anemia,heme positive,C0002871,C0744740
anemia,pain back,C0002871,C0004604
anemia,orthostasis,C0002871,C0149746
anemia,hyponatremia,C0002871,C0020625
anemia,dizziness,C0002871,C0012833
anemia,shortness of breath,C0002871,C0392680
anemia,pain,C0002871,C0030193
anemia,rhonchus,C0002871,C0035508
anemia,arthralgia,C0002871,C0003862
anemia,swelling,C0002871,C0038999
anemia,transaminitis,C0002871,C1096646
chronic obstructive airway disease,shortness of breath,C0024117,C0392680
chronic obstructive airway disease,wheezing,C0024117,C0043144
chronic obstructive airway disease,cough,C0024117,C0010200
chronic obstructive airway disease,dyspnea,C0024117,C0013404
chronic obstructive airway disease,distress respiratory,C0024117,C0476273
chronic obstructive airway disease,sputum purulent,C0024117,C0241235
chronic obstructive airway disease,hypoxemia,C0024117,C0700292
chronic obstructive airway disease,hypercapnia,C0024117,C0020440
chronic obstructive airway disease,patient non compliance,C0024117,C0376405
chronic obstructive airway disease,chest tightness,C0024117,C0232292
dementia,fever,C0497327,C0015967
dementia,fall,C0497327,C0085639
dementia,unresponsiveness,C0497327,C0241526
dementia,lethargy,C0497327,C0023380
dementia,agitation,C0497327,C0085631
dementia,ecchymosis,C0497327,C0013491
dementia,syncope,C0497327,C0039070
dementia,rale,C0497327,C0034642
dementia,unconscious state,C0497327,C0041657
dementia,cough,C0497327,C0010200
dementia,bedridden,C0497327,C0425251
dementia,pain,C0497327,C0030193
dementia,facial paresis,C0497327,C0427055
dementia,abdominal tenderness,C0497327,C0232498
dementia,rhonchus,C0497327,C0035508
dementia,unsteady gait,C0497327,C1273573
dementia,hallucinations auditory,C0497327,C0233762
insufficiency renal,shortness of breath,C1565489,C0392680
insufficiency renal,hyperkalemia,C1565489,C0020461
insufficiency renal,orthopnea,C1565489,C0085619
insufficiency renal,rale,C1565489,C0034642
insufficiency renal,urgency of micturition,C1565489,C0085606
insufficiency renal,ascites,C1565489,C0003962
insufficiency renal,guaiac positive,C1565489,C0744492
insufficiency renal,asthenia,C1565489,C0004093
insufficiency renal,apyrexial,C1565489,C0277797
insufficiency renal,mental status changes,C1565489,C0856054
insufficiency renal,dyspnea,C1565489,C0013404
insufficiency renal,difficulty,C1565489,C1299586
insufficiency renal,diarrhea,C1565489,C0011991
insufficiency renal,hypotension,C1565489,C0020649
insufficiency renal,breath sounds decreased,C1565489,C0238844
insufficiency renal,swelling,C1565489,C0038999
insufficiency renal,hypokinesia,C1565489,C0086439
confusion,seizure,C0009676,C0036572
confusion,enuresis,C0009676,C0014394
confusion,lethargy,C0009676,C0023380
confusion,speech slurred,C0009676,C0234518
confusion,fall,C0009676,C0085639
confusion,consciousness clear,C0009676,C0239110
confusion,mental status changes,C0009676,C0856054
confusion,asterixis,C0009676,C0232766
confusion,unconscious state,C0009676,C0041657
confusion,agitation,C0009676,C0085631
confusion,muscle twitch,C0009676,C0231530
confusion,asthenia,C0009676,C0004093
confusion,sleepy,C0009676,C0234450
confusion,dizziness,C0009676,C0012833
confusion,headache,C0009676,C0018681
confusion,dysarthria,C0009676,C0013362
confusion,lightheadedness,C0009676,C0220870
confusion,tremor,C0009676,C0040822
confusion,hyponatremia,C0009676,C0020625
confusion,unresponsiveness,C0009676,C0241526
degenerative polyarthritis,pain,C0029408,C0030193
degenerative polyarthritis,food intolerance,C0029408,C0149696
degenerative polyarthritis,numbness of hand,C0029408,C0239832
degenerative polyarthritis,general discomfort,C0029408,C0858924
degenerative polyarthritis,drowsiness,C0029408,C0013144
degenerative polyarthritis,asthenia,C0029408,C0004093
degenerative polyarthritis,nonsmoker,C0029408,C0337672
degenerative polyarthritis,non-productive cough,C0029408,C0850149
degenerative polyarthritis,polydypsia,C0029408,C0085602
degenerative polyarthritis,stiffness,C0029408,C0427008
degenerative polyarthritis,unsteady gait,C0029408,C1273573
hypothyroidism,shortness of breath,C0020676,C0392680
hypothyroidism,prostatism,C0020676,C0242453
hypothyroidism,drowsiness,C0020676,C0013144
hypothyroidism,hyponatremia,C0020676,C0020625
hypothyroidism,fall,C0020676,C0085639
hypothyroidism,unsteady gait,C0020676,C1273573
hypothyroidism,polyuria,C0020676,C0032617
hypothyroidism,hypotension,C0020676,C0020649
hypothyroidism,difficulty,C0020676,C1299586
hypothyroidism,syncope,C0020676,C0039070
hypothyroidism,nightmare,C0020676,C0028084
hypothyroidism,speech slurred,C0020676,C0234518
hypothyroidism,weight gain,C0020676,C0043094
hypothyroidism,asthenia,C0020676,C0004093
hypothyroidism,fatigue,C0020676,C0015672
hypothyroidism,agitation,C0020676,C0085631
hypothyroidism,mental status changes,C0020676,C0856054
hypothyroidism,motor retardation,C0020676,C0424230
hypothyroidism,vomiting,C0020676,C0042963
hypothyroidism,numbness,C0020676,C0028643
hypothyroidism,mass of body structure,C0020676,C0577559
anxiety state,worry,C0700613,C0233481
anxiety state,feeling suicidal,C0700613,C0424000
anxiety state,suicidal,C0700613,C0438696
anxiety state,sleeplessness,C0700613,C0917801
anxiety state,feeling hopeless,C0700613,C0150041
anxiety state,irritable mood,C0700613,C0022107
anxiety state,tremor,C0700613,C0040822
anxiety state,blackout,C0700613,C0312422
anxiety state,weepiness,C0700613,C0424109
anxiety state,has religious belief,C0700613,C0557075
anxiety state,nervousness,C0700613,C0027769
anxiety state,hallucinations visual,C0700613,C0233763
anxiety state,formication,C0700613,C0016579
anxiety state,difficulty,C0700613,C1299586
anxiety state,pain chest,C0700613,C0008031
anxiety state,patient non compliance,C0700613,C0376405
anxiety state,agitation,C0700613,C0085631
anxiety state,palpitation,C0700613,C0030252
anxiety state,hallucinations auditory,C0700613,C0233762
anxiety state,mood depressed,C0700613,C0344315
anxiety state,hot flush,C0700613,C0600142
anxiety state,pain,C0700613,C0030193
anxiety state,consciousness clear,C0700613,C0239110
anxiety state,nightmare,C0700613,C0028084
malignant neoplasms,pain,C0006826,C0030193
malignant neoplasms,mass of body structure,C0006826,C0577559
malignant neoplasms,lesion,C0006826,C0221198
malignant neoplasms,cushingoid facies,C0006826,C0332601
malignant neoplasms,emphysematous change,C0006826,C0743482
malignant neoplasms,decreased body weight,C0006826,C0043096
malignant neoplasms,ascites,C0006826,C0003962
malignant neoplasms,hoarseness,C0006826,C0019825
malignant neoplasms,thicken,C0006826,C0205400
malignant neoplasms,hematuria,C0006826,C0018965
acquired immuno-deficiency syndrome,fever,C0001175,C0015967
acquired immuno-deficiency syndrome,night sweat,C0001175,C0028081
acquired immuno-deficiency syndrome,spontaneous rupture of membranes,C0001175,C0233308
acquired immuno-deficiency syndrome,cough,C0001175,C0010200
acquired immuno-deficiency syndrome,,C0001175,C0032739
acquired immuno-deficiency syndrome,decreased body weight,C0001175,C0043096
acquired immuno-deficiency syndrome,chill,C0001175,C0085593
acquired immuno-deficiency syndrome,diarrhea,C0001175,C0011991
acquired immuno-deficiency syndrome,pleuritic pain,C0001175,C0008033
acquired immuno-deficiency syndrome,patient non compliance,C0001175,C0376405
acquired immuno-deficiency syndrome,tachypnea,C0001175,C0231835
acquired immuno-deficiency syndrome,productive cough,C0001175,C0239134
acquired immuno-deficiency syndrome,muscle hypotonia,C0001175,C0026827
acquired immuno-deficiency syndrome,feeling suicidal,C0001175,C0424000
cellulitis,erythema,C0007642,C0041834
cellulitis,pain,C0007642,C0030193
cellulitis,swelling,C0007642,C0038999
cellulitis,redness,C0007642,C0332575
cellulitis,fever,C0007642,C0015967
cellulitis,abscess bacterial,C0007642,C0549483
cellulitis,patient non compliance,C0007642,C0376405
cellulitis,hypesthesia,C0007642,C0020580
cellulitis,hyperacusis,C0007642,C0034880
cellulitis,pruritus,C0007642,C0033774
cellulitis,pain chest,C0007642,C0008031
cellulitis,scratch marks,C0007642,C1384489
cellulitis,chill,C0007642,C0085593
cellulitis,sore to touch,C0007642,C0234233
gastroesophageal reflux disease,pain,C0017168,C0030193
gastroesophageal reflux disease,pain chest,C0017168,C0008031
gastroesophageal reflux disease,burning sensation,C0017168,C0085624
gastroesophageal reflux disease,hyponatremia,C0017168,C0020625
gastroesophageal reflux disease,satiety early,C0017168,C0239233
gastroesophageal reflux disease,throbbing sensation quality,C0017168,C1444773
gastroesophageal reflux disease,chest tightness,C0017168,C0232292
gastroesophageal reflux disease,sensory discomfort,C0017168,C0234215
gastroesophageal reflux disease,presence of q wave,C0017168,C1305739
gastroesophageal reflux disease,nausea,C0017168,C0027497
gastroesophageal reflux disease,general discomfort,C0017168,C0858924
gastroesophageal reflux disease,constipation,C0017168,C0009806
gastroesophageal reflux disease,palpitation,C0017168,C0030252
gastroesophageal reflux disease,pain abdominal,C0017168,C0000737
gastroesophageal reflux disease,heartburn,C0017168,C0018834
gastroesophageal reflux disease,sweat,C0017168,C0038990
gastroesophageal reflux disease,asthenia,C0017168,C0004093
septicemia,fever,C0036690,C0015967
septicemia,distress respiratory,C0036690,C0476273
septicemia,hypotension,C0036690,C0020649
septicemia,tachypnea,C0036690,C0231835
septicemia,chill,C0036690,C0085593
septicemia,lethargy,C0036690,C0023380
septicemia,bradycardia,C0036690,C0428977
septicemia,breech presentation,C0036690,C0006157
septicemia,cyanosis,C0036690,C0010520
septicemia,spontaneous rupture of membranes,C0036690,C0233308
septicemia,haemorrhage,C0036690,C0019080
septicemia,unresponsiveness,C0036690,C0241526
septicemia,rale,C0036690,C0034642
septicemia,apyrexial,C0036690,C0277797
deep vein thrombosis,swelling,C0149871,C0038999
deep vein thrombosis,pain,C0149871,C0030193
deep vein thrombosis,ecchymosis,C0149871,C0013491
deep vein thrombosis,shortness of breath,C0149871,C0392680
deep vein thrombosis,pain in lower limb,C0149871,C0023222
deep vein thrombosis,cardiomegaly,C0149871,C0018800
deep vein thrombosis,rale,C0149871,C0034642
deep vein thrombosis,erythema,C0149871,C0041834
deep vein thrombosis,hypotension,C0149871,C0020649
deep vein thrombosis,clonus,C0149871,C0009024
deep vein thrombosis,non-productive cough,C0149871,C0850149
deep vein thrombosis,redness,C0149871,C0332575
dehydration,fever,C0011175,C0015967
dehydration,diarrhea,C0011175,C0011991
dehydration,vomiting,C0011175,C0042963
dehydration,hypotension,C0011175,C0020649
dehydration,nausea,C0011175,C0027497
dehydration,lightheadedness,C0011175,C0220870
dehydration,unwell,C0011175,C0857256
dehydration,mental status changes,C0011175,C0856054
dehydration,anorexia,C0011175,C0003123
dehydration,asthenia,C0011175,C0004093
dehydration,sensory discomfort,C0011175,C0234215
dehydration,syncope,C0011175,C0039070
dehydration,lethargy,C0011175,C0023380
dehydration,dizziness,C0011175,C0012833
dehydration,syncope,C0011175,C0039070
neoplasm,mass of body structure,C0027651,C0577559
neoplasm,lesion,C0027651,C0221198
neoplasm,pain chest,C0027651,C0008031
neoplasm,hematuria,C0027651,C0018965
neoplasm,tumor cell invasion,C0027651,C1269955
neoplasm,pain,C0027651,C0030193
neoplasm,anosmia,C0027651,C0003126
neoplasm,thicken,C0027651,C0205400
neoplasm,metastatic lesion,C0027651,C1513183
neoplasm,food intolerance,C0027651,C0149696
neoplasm,decreased body weight,C0027651,C0043096
neoplasm,night sweat,C0027651,C0028081
neoplasm,hemianopsia homonymous,C0027651,C0271202
neoplasm,satiety early,C0027651,C0239233
neoplasm,pain abdominal,C0027651,C0000737
neoplasm,headache,C0027651,C0018681
embolism pulmonary,shortness of breath,C0034065,C0392680
embolism pulmonary,hypoxemia,C0034065,C0700292
embolism pulmonary,tachypnea,C0034065,C0231835
embolism pulmonary,hematocrit decreased,C0034065,C0744727
embolism pulmonary,pain chest,C0034065,C0008031
embolism pulmonary,dyspnea,C0034065,C0013404
embolism pulmonary,pleuritic pain,C0034065,C0008033
embolism pulmonary,neck stiffness,C0034065,C0151315
embolism pulmonary,yellow sputum,C0034065,C0457096
embolism pulmonary,productive cough,C0034065,C0239134
embolism pulmonary,cicatrisation,C0034065,C0008767
embolism pulmonary,unresponsiveness,C0034065,C0241526
embolism pulmonary,distress respiratory,C0034065,C0476273
embolism pulmonary,wheezing,C0034065,C0043144
embolism pulmonary,apyrexial,C0034065,C0277797
embolism pulmonary,non-productive cough,C0034065,C0850149
epilepsy,seizure,C0014544,C0036572
epilepsy,hypometabolism,C0014544,C0347938
epilepsy,aura,C0014544,C0236018
epilepsy,muscle twitch,C0014544,C0231530
epilepsy,drowsiness,C0014544,C0013144
epilepsy,tremor,C0014544,C0040822
epilepsy,unresponsiveness,C0014544,C0241526
epilepsy,hemiplegia,C0014544,C0018991
epilepsy,myoclonus,C0014544,C0027066
epilepsy,gurgle,C0014544,C0232517
epilepsy,sleepy,C0014544,C0234450
epilepsy,lethargy,C0014544,C0023380
epilepsy,wheelchair bound,C0014544,C0558195
cardiomyopathy,shortness of breath,C0878544,C0392680
cardiomyopathy,orthopnea,C0878544,C0085619
cardiomyopathy,hypokinesia,C0878544,C0086439
cardiomyopathy,jugular venous distention,C0878544,C0240100
cardiomyopathy,palpitation,C0878544,C0030252
cardiomyopathy,pain chest,C0878544,C0008031
cardiomyopathy,syncope,C0878544,C0039070
cardiomyopathy,yellow sputum,C0878544,C0457096
cardiomyopathy,rale,C0878544,C0034642
cardiomyopathy,dyspnea,C0878544,C0013404
cardiomyopathy,dyspnea on exertion,C0878544,C0231807
cardiomyopathy,left atrial hypertrophy,C0878544,C0238705
cardiomyopathy,fatigue,C0878544,C0015672
cardiomyopathy,weight gain,C0878544,C0043094
cardiomyopathy,patient non compliance,C0878544,C0376405
chronic kidney failure,vomiting,C0022661,C0042963
chronic kidney failure,orthopnea,C0022661,C0085619
chronic kidney failure,hyperkalemia,C0022661,C0020461
chronic kidney failure,oliguria,C0022661,C0028961
chronic kidney failure,jugular venous distention,C0022661,C0240100
chronic kidney failure,nausea,C0022661,C0027497
chronic kidney failure,shortness of breath,C0022661,C0392680
chronic kidney failure,mental status changes,C0022661,C0856054
chronic kidney failure,diarrhea,C0022661,C0011991
chronic kidney failure,asthenia,C0022661,C0004093
chronic kidney failure,chest tightness,C0022661,C0232292
chronic kidney failure,malaise,C0022661,C0231218
chronic kidney failure,chill,C0022661,C0085593
chronic kidney failure,rale,C0022661,C0034642
chronic kidney failure,fever,C0022661,C0015967
chronic kidney failure,pleuritic pain,C0022661,C0008033
chronic kidney failure,apyrexial,C0022661,C0277797
chronic kidney failure,guaiac positive,C0022661,C0744492
chronic kidney failure,swelling,C0022661,C0038999
chronic kidney failure,catatonia,C0022661,C0007398
chronic kidney failure,unresponsiveness,C0022661,C0241526
chronic kidney failure,yellow sputum,C0022661,C0457096
carcinoma,mass of body structure,C0007097,C0577559
carcinoma,pain,C0007097,C0030193
carcinoma,lesion,C0007097,C0221198
carcinoma,tumor cell invasion,C0007097,C1269955
carcinoma,thicken,C0007097,C0205400
carcinoma,decreased body weight,C0007097,C0043096
carcinoma,hoarseness,C0007097,C0019825
carcinoma,general discomfort,C0007097,C0858924
carcinoma,metastatic lesion,C0007097,C1513183
carcinoma,non-productive cough,C0007097,C0850149
carcinoma,constipation,C0007097,C0009806
carcinoma,unhappy,C0007097,C0847488
carcinoma,paresthesia,C0007097,C0030554
carcinoma,gravida 0,C0007097,C0232995
carcinoma,diarrhea,C0007097,C0011991
carcinoma,sore to touch,C0007097,C0234233
carcinoma,heartburn,C0007097,C0018834
carcinoma,nausea,C0007097,C0027497
carcinoma,lung nodule,C0007097,C0034079
hepatitis C,ascites,C0019196,C0003962
hepatitis C,distended abdomen,C0019196,C0000731
hepatitis C,feeling suicidal,C0019196,C0424000
hepatitis C,cough,C0019196,C0010200
hepatitis C,ache,C0019196,C0234238
hepatitis C,macerated skin,C0019196,C0558143
hepatitis C,heavy feeling,C0019196,C0581912
hepatitis C,hallucinations auditory,C0019196,C0233762
hepatitis C,chill,C0019196,C0085593
hepatitis C,asterixis,C0019196,C0232766
hepatitis C,patient non compliance,C0019196,C0376405
peripheral vascular disease,shortness of breath,C0085096,C0392680
peripheral vascular disease,rest pain,C0085096,C0234253
peripheral vascular disease,angina pectoris,C0085096,C0002962
peripheral vascular disease,unresponsiveness,C0085096,C0241526
peripheral vascular disease,hyperkalemia,C0085096,C0020461
peripheral vascular disease,sinus rhythm,C0085096,C0232201
peripheral vascular disease,labored breathing,C0085096,C0553668
peripheral vascular disease,dyspnea,C0085096,C0013404
peripheral vascular disease,sore to touch,C0085096,C0234233
peripheral vascular disease,anorexia,C0085096,C0003123
peripheral vascular disease,sleepy,C0085096,C0234450
psychotic disorder,suicidal,C0033975,C0438696
psychotic disorder,hallucinations auditory,C0033975,C0233762
psychotic disorder,feeling suicidal,C0033975,C0424000
psychotic disorder,hallucinations visual,C0033975,C0233763
psychotic disorder,motor retardation,C0033975,C0424230
psychotic disorder,blackout,C0033975,C0312422
psychotic disorder,verbal auditory hallucinations,C0033975,C0424068
psychotic disorder,feeling hopeless,C0033975,C0150041
psychotic disorder,irritable mood,C0033975,C0022107
psychotic disorder,agitation,C0033975,C0085631
psychotic disorder,tremor,C0033975,C0040822
psychotic disorder,catatonia,C0033975,C0007398
psychotic disorder,weepiness,C0033975,C0424109
psychotic disorder,homelessness,C0033975,C0237154
psychotic disorder,sleeplessness,C0033975,C0917801
psychotic disorder,withdraw,C0033975,C0424092
psychotic disorder,energy increased,C0033975,C0455769
psychotic disorder,intoxication,C0033975,C0728899
psychotic disorder,worry,C0033975,C0233481
psychotic disorder,behavior hyperactive,C0033975,C0424295
psychotic disorder,patient non compliance,C0033975,C0376405
psychotic disorder,mood depressed,C0033975,C0344315
psychotic disorder,terrify,C0033975,C0558261
psychotic disorder,nightmare,C0033975,C0028084
psychotic disorder,consciousness clear,C0033975,C0239110
hyperlipidemia,pain chest,C0020473,C0008031
hyperlipidemia,angina pectoris,C0020473,C0002962
hyperlipidemia,palpitation,C0020473,C0030252
hyperlipidemia,presence of q wave,C0020473,C1305739
hyperlipidemia,photopsia,C0020473,C0085635
hyperlipidemia,sweat,C0020473,C0038990
hyperlipidemia,chest discomfort,C0020473,C0235710
hyperlipidemia,shortness of breath,C0020473,C0392680
hyperlipidemia,giddy mood,C0020473,C0392701
hyperlipidemia,hypokinesia,C0020473,C0086439
hyperlipidemia,hemiplegia,C0020473,C0018991
hyperlipidemia,dizziness,C0020473,C0012833
bipolar disorder,feeling suicidal,C0005586,C0424000
bipolar disorder,energy increased,C0005586,C0455769
bipolar disorder,suicidal,C0005586,C0438696
bipolar disorder,irritable mood,C0005586,C0022107
bipolar disorder,agitation,C0005586,C0085631
bipolar disorder,has religious belief,C0005586,C0557075
bipolar disorder,disturbed family,C0005586,C0578859
bipolar disorder,hallucinations auditory,C0005586,C0233762
bipolar disorder,verbal auditory hallucinations,C0005586,C0424068
bipolar disorder,weepiness,C0005586,C0424109
bipolar disorder,behavior hyperactive,C0005586,C0424295
bipolar disorder,catatonia,C0005586,C0007398
bipolar disorder,feeling hopeless,C0005586,C0150041
bipolar disorder,worry,C0005586,C0233481
bipolar disorder,sleeplessness,C0005586,C0917801
bipolar disorder,hypersomnia,C0005586,C0917799
bipolar disorder,difficulty,C0005586,C1299586
bipolar disorder,hallucinations visual,C0005586,C0233763
bipolar disorder,hyperhidrosis disorder,C0005586,C0020458
bipolar disorder,mydriasis,C0005586,C0026961
bipolar disorder,extrapyramidal sign,C0005586,C0234133
bipolar disorder,loose associations,C0005586,C0240233
bipolar disorder,intoxication,C0005586,C0728899
bipolar disorder,motor retardation,C0005586,C0424230
bipolar disorder,homelessness,C0005586,C0237154
bipolar disorder,blackout,C0005586,C0312422
bipolar disorder,tremor,C0005586,C0040822
bipolar disorder,exhaustion,C0005586,C0392674
obesity,pain,C0028754,C0030193
obesity,catatonia,C0028754,C0007398
obesity,snore,C0028754,C0037384
obesity,pain chest,C0028754,C0008031
obesity,r wave feature,C0028754,C0429091
obesity,has religious belief,C0028754,C0557075
obesity,shortness of breath,C0028754,C0392680
obesity,fatigue,C0028754,C0015672
obesity,overweight,C0028754,C0497406
obesity,systolic murmur,C0028754,C0232257
obesity,mood depressed,C0028754,C0344315
obesity,ecchymosis,C0028754,C0013491
ischemia,drowsiness,C0022116,C0013144
ischemia,pain chest,C0022116,C0008031
ischemia,angina pectoris,C0022116,C0002962
ischemia,pressure chest,C0022116,C0438716
ischemia,chest discomfort,C0022116,C0235710
ischemia,shortness of breath,C0022116,C0392680
ischemia,dyspnea,C0022116,C0013404
ischemia,sinus rhythm,C0022116,C0232201
ischemia,bradycardia,C0022116,C0428977
ischemia,sweat,C0022116,C0038990
ischemia,rale,C0022116,C0034642
ischemia,asymptomatic,C0022116,C0231221
ischemia,anorexia,C0022116,C0003123
cirrhosis,ascites,C1623038,C0003962
cirrhosis,fall,C1623038,C0085639
cirrhosis,splenomegaly,C1623038,C0038002
cirrhosis,pruritus,C1623038,C0033774
cirrhosis,pain abdominal,C1623038,C0000737
cirrhosis,tumor cell invasion,C1623038,C1269955
cirrhosis,distended abdomen,C1623038,C0000731
cirrhosis,lesion,C1623038,C0221198
cirrhosis,hemodynamically stable,C1623038,C0578150
cirrhosis,guaiac positive,C1623038,C0744492
cirrhosis,sore to touch,C1623038,C0234233
cirrhosis,bleeding of vagina,C1623038,C0151706
exanthema,fever,C0015230,C0015967
exanthema,pruritus,C0015230,C0033774
exanthema,macule,C0015230,C0332573
exanthema,lesion,C0015230,C0221198
exanthema,redness,C0015230,C0332575
exanthema,headache,C0015230,C0018681
exanthema,apyrexial,C0015230,C0277797
exanthema,arthralgia,C0015230,C0003862
exanthema,swelling,C0015230,C0038999
exanthema,erythema,C0015230,C0041834
exanthema,photophobia,C0015230,C0085636
exanthema,chill,C0015230,C0085593
exanthema,scratch marks,C0015230,C1384489
exanthema,pain,C0015230,C0030193
exanthema,painful swallowing,C0015230,C0221150
benign prostatic hypertrophy,mental status changes,C0005001,C0856054
benign prostatic hypertrophy,cachexia,C0005001,C0006625
benign prostatic hypertrophy,blackout,C0005001,C0312422
benign prostatic hypertrophy,orthostasis,C0005001,C0149746
benign prostatic hypertrophy,orthopnea,C0005001,C0085619
benign prostatic hypertrophy,night sweat,C0005001,C0028081
benign prostatic hypertrophy,distress respiratory,C0005001,C0476273
benign prostatic hypertrophy,anorexia,C0005001,C0003123
benign prostatic hypertrophy,dysarthria,C0005001,C0013362
kidney failure acute,hyperkalemia,C0022660,C0020461
kidney failure acute,hypotension,C0022660,C0020649
kidney failure acute,hypocalcemia result,C0022660,C0020598
kidney failure acute,oliguria,C0022660,C0028961
kidney failure acute,hemodynamically stable,C0022660,C0578150
kidney failure acute,asthenia,C0022660,C0004093
kidney failure acute,"hypothermia, natural",C0022660,C0020672
kidney failure acute,diarrhea,C0022660,C0011991
kidney failure acute,haemorrhage,C0022660,C0019080
kidney failure acute,unresponsiveness,C0022660,C0241526
mitral valve insufficiency,shortness of breath,C0026266,C0392680
mitral valve insufficiency,dyspnea on exertion,C0026266,C0231807
mitral valve insufficiency,asymptomatic,C0026266,C0231221
mitral valve insufficiency,hypokinesia,C0026266,C0086439
mitral valve insufficiency,dyspnea,C0026266,C0013404
mitral valve insufficiency,syncope,C0026266,C0039070
mitral valve insufficiency,thicken,C0026266,C0205400
mitral valve insufficiency,left atrial hypertrophy,C0026266,C0238705
mitral valve insufficiency,palpitation,C0026266,C0030252
mitral valve insufficiency,fatigue,C0026266,C0015672
mitral valve insufficiency,vomiting,C0026266,C0042963
mitral valve insufficiency,pain,C0026266,C0030193
mitral valve insufficiency,cardiomegaly,C0026266,C0018800
mitral valve insufficiency,chest discomfort,C0026266,C0235710
arthritis,pain,C0003864,C0030193
arthritis,hemodynamically stable,C0003864,C0578150
arthritis,sleeplessness,C0003864,C0917801
arthritis,asthenia,C0003864,C0004093
arthritis,syncope,C0003864,C0039070
arthritis,swelling,C0003864,C0038999
arthritis,atypia,C0003864,C0741302
arthritis,general unsteadiness,C0003864,C0427108
arthritis,shortness of breath,C0003864,C0392680
arthritis,distended abdomen,C0003864,C0000731
bronchitis,cough,C0006277,C0010200
bronchitis,wheezing,C0006277,C0043144
bronchitis,shortness of breath,C0006277,C0392680
bronchitis,chest tightness,C0006277,C0232292
bronchitis,fever,C0006277,C0015967
bronchitis,throat sore,C0006277,C0242429
bronchitis,productive cough,C0006277,C0239134
bronchitis,hepatosplenomegaly,C0006277,C0019214
bronchitis,night sweat,C0006277,C0028081
bronchitis,haemoptysis,C0006277,C0019079
bronchitis,labored breathing,C0006277,C0553668
bronchitis,snuffle,C0006277,C1260880
bronchitis,hacking cough,C0006277,C0239133
bronchitis,dyspnea,C0006277,C0013404
bronchitis,chill,C0006277,C0085593
bronchitis,stridor,C0006277,C0038450
bronchitis,decreased body weight,C0006277,C0043096
hemiparesis,dysarthria,C0018989,C0013362
hemiparesis,paresis,C0018989,C0030552
hemiparesis,asthenia,C0018989,C0004093
hemiparesis,aphagia,C0018989,C0221470
hemiparesis,seizure,C0018989,C0036572
hemiparesis,speech slurred,C0018989,C0234518
hemiparesis,focal seizures,C0018989,C0751495
hemiparesis,hemiplegia,C0018989,C0018991
hemiparesis,abnormal sensation,C0018989,C0423571
hemiparesis,unresponsiveness,C0018989,C0241526
hemiparesis,stupor,C0018989,C0085628
hemiparesis,drowsiness,C0018989,C0013144
hemiparesis,fremitus,C0018989,C0231890
hemiparesis,Stahli's line,C0018989,C0271276
hemiparesis,stinging sensation,C0018989,C0677500
hemiparesis,paralyse,C0018989,C0522224
hemiparesis,clonus,C0018989,C0009024
hemiparesis,facial paresis,C0018989,C0427055
osteoporosis,prostatism,C0029456,C0242453
osteoporosis,fall,C0029456,C0085639
osteoporosis,hirsutism,C0029456,C0019572
osteoporosis,sniffle,C0029456,C0558361
osteoporosis,distended abdomen,C0029456,C0000731
osteoporosis,vertigo,C0029456,C0042571
osteoporosis,numbness of hand,C0029456,C0239832
osteoporosis,bradykinesia,C0029456,C0233565
osteoporosis,pain,C0029456,C0030193
osteoporosis,syncope,C0029456,C0039070
osteoporosis,out of breath,C0029456,C0848168
osteoporosis,apyrexial,C0029456,C0277797
osteoporosis,urge incontinence,C0029456,C0150045
osteoporosis,lightheadedness,C0029456,C0220870
transient ischemic attack,speech slurred,C0007787,C0234518
transient ischemic attack,dysarthria,C0007787,C0013362
transient ischemic attack,facial paresis,C0007787,C0427055
transient ischemic attack,asthenia,C0007787,C0004093
transient ischemic attack,neck stiffness,C0007787,C0151315
transient ischemic attack,vertigo,C0007787,C0042571
transient ischemic attack,numbness,C0007787,C0028643
transient ischemic attack,lightheadedness,C0007787,C0220870
transient ischemic attack,extrapyramidal sign,C0007787,C0234133
transient ischemic attack,Stahli's line,C0007787,C0271276
transient ischemic attack,vision blurred,C0007787,C0344232
transient ischemic attack,headache,C0007787,C0018681
transient ischemic attack,room spinning,C0007787,C0848277
transient ischemic attack,syncope,C0007787,C0039070
transient ischemic attack,difficulty,C0007787,C1299586
transient ischemic attack,rambling speech,C0007787,C0423982
transient ischemic attack,clumsiness,C0007787,C0233844
adenocarcinoma,mass of body structure,C0001418,C0577559
adenocarcinoma,lesion,C0001418,C0221198
adenocarcinoma,decreased body weight,C0001418,C0043096
adenocarcinoma,constipation,C0001418,C0009806
adenocarcinoma,fremitus,C0001418,C0231890
adenocarcinoma,decreased stool caliber,C0001418,C0278014
adenocarcinoma,satiety early,C0001418,C0239233
adenocarcinoma,hematochezia,C0001418,C0018932
adenocarcinoma,egophony,C0001418,C0231872
adenocarcinoma,pain,C0001418,C0030193
adenocarcinoma,cicatrisation,C0001418,C0008767
adenocarcinoma,pain abdominal,C0001418,C0000737
paranoia,hallucinations auditory,C1456784,C0233762
paranoia,hallucinations visual,C1456784,C0233763
paranoia,agitation,C1456784,C0085631
paranoia,irritable mood,C1456784,C0022107
paranoia,verbal auditory hallucinations,C1456784,C0424068
paranoia,feeling suicidal,C1456784,C0424000
paranoia,suicidal,C1456784,C0438696
paranoia,terrify,C1456784,C0558261
paranoia,neologism,C1456784,C0233647
paranoia,homelessness,C1456784,C0237154
paranoia,energy increased,C1456784,C0455769
paranoia,mood depressed,C1456784,C0344315
paranoia,decompensation,C1456784,C0231187
paranoia,cicatrisation,C1456784,C0008767
paranoia,blackout,C1456784,C0312422
paranoia,loose associations,C1456784,C0240233
pancreatitis,vomiting,C0030305,C0042963
pancreatitis,pain abdominal,C0030305,C0000737
pancreatitis,nausea,C0030305,C0027497
pancreatitis,pain,C0030305,C0030193
pancreatitis,diarrhea,C0030305,C0011991
pancreatitis,stool color yellow,C0030305,C0241252
pancreatitis,rigor - temperature-associated observation,C0030305,C0424790
pancreatitis,apyrexial,C0030305,C0277797
pancreatitis,sore to touch,C0030305,C0234233
incontinence,paraparesis,C0021167,C0221166
incontinence,seizure,C0021167,C0036572
incontinence,asthenia,C0021167,C0004093
incontinence,urge incontinence,C0021167,C0150045
incontinence,unconscious state,C0021167,C0041657
incontinence,aura,C0021167,C0236018
incontinence,moody,C0021167,C0554980
incontinence,fear of falling,C0021167,C0877040
incontinence,tremor,C0021167,C0040822
incontinence,spasm,C0021167,C0037763
incontinence,unhappy,C0021167,C0847488
incontinence,syncope,C0021167,C0039070
incontinence,fall,C0021167,C0085639
incontinence,stiffness,C0021167,C0427008
incontinence,unresponsiveness,C0021167,C0241526
paroxysmal dyspnea,orthopnea,C0013405,C0085619
paroxysmal dyspnea,shortness of breath,C0013405,C0392680
paroxysmal dyspnea,dyspnea on exertion,C0013405,C0231807
paroxysmal dyspnea,jugular venous distention,C0013405,C0240100
paroxysmal dyspnea,rale,C0013405,C0034642
paroxysmal dyspnea,pain chest,C0013405,C0008031
paroxysmal dyspnea,palpitation,C0013405,C0030252
paroxysmal dyspnea,sweat,C0013405,C0038990
paroxysmal dyspnea,weight gain,C0013405,C0043094
paroxysmal dyspnea,cough,C0013405,C0010200
paroxysmal dyspnea,dyspnea,C0013405,C0013404
hernia,pain abdominal,C0019270,C0000737
hernia,pain,C0019270,C0030193
hernia,hyperventilation,C0019270,C0020578
hernia,excruciating pain,C0019270,C0278141
hernia,gag,C0019270,C0016927
hernia,nausea,C0019270,C0027497
hernia,posturing,C0019270,C0872410
hernia,hemiplegia,C0019270,C0018991
hernia,sore to touch,C0019270,C0234233
hernia,haemorrhage,C0019270,C0019080
hernia,apyrexial,C0019270,C0277797
hernia,food intolerance,C0019270,C0149696
hernia,pulse absent,C0019270,C0277899
hernia,asthenia,C0019270,C0004093
hernia,mass of body structure,C0019270,C0577559
hernia,thicken,C0019270,C0205400
malignant neoplasm of prostate,hematuria,C0376358,C0018965
malignant neoplasm of prostate,dysesthesia,C0376358,C0392699
malignant neoplasm of prostate,asthenia,C0376358,C0004093
malignant neoplasm of prostate,polymyalgia,C0376358,C0521516
malignant neoplasm of prostate,passed stones,C0376358,C0848621
malignant neoplasm of prostate,pleuritic pain,C0376358,C0008033
malignant neoplasm of prostate,guaiac positive,C0376358,C0744492
malignant neoplasm of prostate,rale,C0376358,C0034642
malignant neoplasm of prostate,breath sounds decreased,C0376358,C0238844
malignant neoplasm of prostate,urge incontinence,C0376358,C0150045
malignant neoplasm of prostate,dysuria,C0376358,C0013428
malignant neoplasm of prostate,diarrhea,C0376358,C0011991
malignant neoplasm of prostate,vertigo,C0376358,C0042571
malignant neoplasm of prostate,qt interval prolonged,C0376358,C0151878
malignant neoplasm of prostate,ataxia,C0376358,C0004134
malignant neoplasm of prostate,paresis,C0376358,C0030552
malignant neoplasm of prostate,hemianopsia homonymous,C0376358,C0271202
malignant neoplasm of prostate,tumor cell invasion,C0376358,C1269955
malignant neoplasm of prostate,hemodynamically stable,C0376358,C0578150
malignant neoplasm of prostate,mass of body structure,C0376358,C0577559
malignant neoplasm of prostate,rhonchus,C0376358,C0035508
malignant neoplasm of prostate,orthostasis,C0376358,C0149746
malignant neoplasm of prostate,decreased body weight,C0376358,C0043096
edema pulmonary,urgency of micturition,C0034063,C0085606
edema pulmonary,shortness of breath,C0034063,C0392680
edema pulmonary,rale,C0034063,C0034642
edema pulmonary,tachypnea,C0034063,C0231835
edema pulmonary,orthopnea,C0034063,C0085619
edema pulmonary,Heberden's node,C0034063,C0018862
edema pulmonary,jugular venous distention,C0034063,C0240100
edema pulmonary,dyspnea,C0034063,C0013404
edema pulmonary,sweat,C0034063,C0038990
edema pulmonary,patient non compliance,C0034063,C0376405
edema pulmonary,chest discomfort,C0034063,C0235710
edema pulmonary,hyperkalemia,C0034063,C0020461
edema pulmonary,sinus rhythm,C0034063,C0232201
edema pulmonary,pain chest,C0034063,C0008031
edema pulmonary,hypotension,C0034063,C0020649
edema pulmonary,wheezing,C0034063,C0043144
lymphatic diseases,pain,C0024228,C0030193
lymphatic diseases,mass of body structure,C0024228,C0577559
lymphatic diseases,night sweat,C0024228,C0028081
lymphatic diseases,splenomegaly,C0024228,C0038002
lymphatic diseases,lesion,C0024228,C0221198
lymphatic diseases,chill,C0024228,C0085593
lymphatic diseases,decreased body weight,C0024228,C0043096
lymphatic diseases,swelling,C0024228,C0038999
lymphatic diseases,fever,C0024228,C0015967
lymphatic diseases,hyperacusis,C0024228,C0034880
lymphatic diseases,fremitus,C0024228,C0231890
lymphatic diseases,non-productive cough,C0024228,C0850149
lymphatic diseases,egophony,C0024228,C0231872
lymphatic diseases,redness,C0024228,C0332575
lymphatic diseases,hepatomegaly,C0024228,C0019209
lymphatic diseases,fatigue,C0024228,C0015672
stenosis aortic valve,dyspnea on exertion,C0003507,C0231807
stenosis aortic valve,syncope,C0003507,C0039070
stenosis aortic valve,chest discomfort,C0003507,C0235710
stenosis aortic valve,systolic murmur,C0003507,C0232257
stenosis aortic valve,sciatica,C0003507,C0036396
stenosis aortic valve,angina pectoris,C0003507,C0002962
stenosis aortic valve,pain chest,C0003507,C0008031
stenosis aortic valve,frothy sputum,C0003507,C0577979
stenosis aortic valve,bradycardia,C0003507,C0428977
stenosis aortic valve,shortness of breath,C0003507,C0392680
stenosis aortic valve,pain,C0003507,C0030193
malignant neoplasm of breast,mass in breast,C0006142,C0024103
malignant neoplasm of breast,mass of body structure,C0006142,C0577559
malignant neoplasm of breast,paresthesia,C0006142,C0030554
malignant neoplasm of breast,retropulsion,C0006142,C0277845
malignant neoplasm of breast,erythema,C0006142,C0041834
malignant neoplasm of breast,difficulty,C0006142,C1299586
malignant neoplasm of breast,lesion,C0006142,C0221198
malignant neoplasm of breast,estrogen use,C0006142,C0239301
malignant neoplasm of breast,burning sensation,C0006142,C0085624
malignant neoplasm of breast,dyspnea,C0006142,C0013404
malignant neoplasm of breast,swelling,C0006142,C0038999
malignant neoplasm of breast,formication,C0006142,C0016579
schizophrenia,hallucinations auditory,C0036341,C0233762
schizophrenia,hypersomnolence,C0036341,C0751229
schizophrenia,irritable mood,C0036341,C0022107
schizophrenia,verbal auditory hallucinations,C0036341,C0424068
schizophrenia,patient non compliance,C0036341,C0376405
schizophrenia,agitation,C0036341,C0085631
schizophrenia,suicidal,C0036341,C0438696
schizophrenia,worry,C0036341,C0233481
schizophrenia,hallucinations visual,C0036341,C0233763
schizophrenia,underweight,C0036341,C0041667
schizophrenia,homelessness,C0036341,C0237154
diverticulitis,pain abdominal,C0012813,C0000737
diverticulitis,abscess bacterial,C0012813,C0549483
diverticulitis,dullness,C0012813,C0541911
diverticulitis,red blotches,C0012813,C0857199
diverticulitis,diarrhea,C0012813,C0011991
diverticulitis,sore to touch,C0012813,C0234233
diverticulitis,dysuria,C0012813,C0013428
diverticulitis,pain,C0012813,C0030193
diverticulitis,vomiting,C0012813,C0042963
diverticulitis,sinus rhythm,C0012813,C0232201
diverticulitis,colic abdominal,C0012813,C0232488
diverticulitis,apyrexial,C0012813,C0277797
diverticulitis,abdominal tenderness,C0012813,C0232498
diverticulitis,fever,C0012813,C0015967
diverticulitis,unsteady gait,C0012813,C1273573
diverticulitis,thicken,C0012813,C0205400
diverticulitis,urgency of micturition,C0012813,C0085606
diverticulitis,anorexia,C0012813,C0003123
diverticulitis,monoclonal,C0012813,C0746619
diverticulitis,constipation,C0012813,C0009806
overload fluid,rale,C0546817,C0034642
overload fluid,jugular venous distention,C0546817,C0240100
overload fluid,hyperkalemia,C0546817,C0020461
overload fluid,orthopnea,C0546817,C0085619
overload fluid,shortness of breath,C0546817,C0392680
overload fluid,drowsiness,C0546817,C0013144
overload fluid,weight gain,C0546817,C0043094
overload fluid,hypokalemia,C0546817,C0020621
overload fluid,hypotension,C0546817,C0020649
overload fluid,swelling,C0546817,C0038999
overload fluid,distended abdomen,C0546817,C0000731
ulcer peptic,pain abdominal,C0030920,C0000737
ulcer peptic,paraparesis,C0030920,C0221166
ulcer peptic,nausea,C0030920,C0027497
ulcer peptic,vomiting,C0030920,C0042963
ulcer peptic,polymyalgia,C0030920,C0521516
ulcer peptic,out of breath,C0030920,C0848168
ulcer peptic,pain chest,C0030920,C0008031
ulcer peptic,hemiplegia,C0030920,C0018991
ulcer peptic,gurgle,C0030920,C0232517
ulcer peptic,hunger,C0030920,C0020175
ulcer peptic,apyrexial,C0030920,C0277797
ulcer peptic,nervousness,C0030920,C0027769
osteomyelitis,pain,C0029443,C0030193
osteomyelitis,redness,C0029443,C0332575
osteomyelitis,prostate tender,C0029443,C0240813
osteomyelitis,fever,C0029443,C0015967
osteomyelitis,difficulty passing urine,C0029443,C0241705
osteomyelitis,sore to touch,C0029443,C0234233
osteomyelitis,swelling,C0029443,C0038999
osteomyelitis,apyrexial,C0029443,C0277797
osteomyelitis,erythema,C0029443,C0041834
osteomyelitis,abscess bacterial,C0029443,C0549483
osteomyelitis,pain foot,C0029443,C0016512
osteomyelitis,urinary hesitation,C0029443,C0152032
gastritis,heme positive,C0017152,C0744740
gastritis,pain abdominal,C0017152,C0000737
gastritis,vomiting,C0017152,C0042963
gastritis,disequilibrium,C0017152,C0281825
gastritis,nausea,C0017152,C0027497
gastritis,intoxication,C0017152,C0728899
gastritis,haemorrhage,C0017152,C0019080
gastritis,guaiac positive,C0017152,C0744492
gastritis,pain,C0017152,C0030193
gastritis,decreased body weight,C0017152,C0043096
gastritis,sore to touch,C0017152,C0234233
gastritis,dizziness,C0017152,C0012833
bacteremia,fever,C0004610,C0015967
bacteremia,chill,C0004610,C0085593
bacteremia,flushing,C0004610,C0016382
bacteremia,unresponsiveness,C0004610,C0241526
bacteremia,indifferent mood,C0004610,C0085632
bacteremia,urinoma,C0004610,C1313921
bacteremia,vomiting,C0004610,C0042963
bacteremia,distended abdomen,C0004610,C0000731
bacteremia,hypoalbuminemia,C0004610,C0239981
bacteremia,pustule,C0004610,C0241157
bacteremia,prostatism,C0004610,C0242453
bacteremia,diarrhea,C0004610,C0011991
bacteremia,abdominal tenderness,C0004610,C0232498
bacteremia,pleuritic pain,C0004610,C0008033
bacteremia,decreased translucency,C0004610,C0029053
bacteremia,pallor,C0004610,C0030232
failure kidney,orthopnea,C0035078,C0085619
failure kidney,oliguria,C0035078,C0028961
failure kidney,slowing of urinary stream,C0035078,C0232854
failure kidney,extreme exhaustion,C0035078,C0277794
failure kidney,unresponsiveness,C0035078,C0241526
failure kidney,hypotension,C0035078,C0020649
failure kidney,enuresis,C0035078,C0014394
failure kidney,shortness of breath,C0035078,C0392680
failure kidney,haemorrhage,C0035078,C0019080
failure kidney,prostatism,C0035078,C0242453
failure kidney,no status change,C0035078,C0442739
failure kidney,bedridden,C0035078,C0425251
failure kidney,fatigue,C0035078,C0015672
sickle cell anemia,breakthrough pain,C0002895,C1135120
sickle cell anemia,pain back,C0002895,C0004604
sickle cell anemia,pain,C0002895,C0030193
sickle cell anemia,shortness of breath,C0002895,C0392680
sickle cell anemia,snuffle,C0002895,C1260880
sickle cell anemia,pain chest,C0002895,C0008031
sickle cell anemia,pain abdominal,C0002895,C0000737
sickle cell anemia,hepatosplenomegaly,C0002895,C0019214
sickle cell anemia,green sputum,C0002895,C0457097
sickle cell anemia,apyrexial,C0002895,C0277797
sickle cell anemia,headache,C0002895,C0018681
failure heart,orthopnea,C0018801,C0085619
failure heart,fatigue,C0018801,C0015672
failure heart,dyspnea on exertion,C0018801,C0231807
failure heart,dyspnea,C0018801,C0013404
failure heart,shortness of breath,C0018801,C0392680
failure heart,pansystolic murmur,C0018801,C0232258
failure heart,jugular venous distention,C0018801,C0240100
failure heart,systolic ejection murmur,C0018801,C0694547
failure heart,hypotension,C0018801,C0020649
failure heart,angina pectoris,C0018801,C0002962
failure heart,hypokinesia,C0018801,C0086439
upper respiratory infection,cough,C0041912,C0010200
upper respiratory infection,throat sore,C0041912,C0242429
upper respiratory infection,wheezing,C0041912,C0043144
upper respiratory infection,shortness of breath,C0041912,C0392680
upper respiratory infection,labored breathing,C0041912,C0553668
upper respiratory infection,fever,C0041912,C0015967
upper respiratory infection,stuffy nose,C0041912,C0848340
upper respiratory infection,non-productive cough,C0041912,C0850149
upper respiratory infection,snuffle,C0041912,C1260880
upper respiratory infection,indifferent mood,C0041912,C0085632
upper respiratory infection,egophony,C0041912,C0231872
upper respiratory infection,barking cough,C0041912,C0234866
upper respiratory infection,polymyalgia,C0041912,C0521516
upper respiratory infection,pleuritic pain,C0041912,C0008033
upper respiratory infection,night sweat,C0041912,C0028081
upper respiratory infection,dyspnea,C0041912,C0013404
upper respiratory infection,productive cough,C0041912,C0239134
upper respiratory infection,decreased translucency,C0041912,C0029053
upper respiratory infection,rhonchus,C0041912,C0035508
upper respiratory infection,rapid shallow breathing,C0041912,C0425488
upper respiratory infection,apyrexial,C0041912,C0277797
upper respiratory infection,noisy respiration,C0041912,C0237304
upper respiratory infection,nasal discharge present,C0041912,C0264273
upper respiratory infection,emphysematous change,C0041912,C0743482
upper respiratory infection,frail,C0041912,C0871754
upper respiratory infection,cystic lesion,C0041912,C1511606
upper respiratory infection,symptom aggravating factors,C0041912,C0436331
upper respiratory infection,hemodynamically stable,C0041912,C0578150
hepatitis,ascites,C0019158,C0003962
hepatitis,spontaneous rupture of membranes,C0019158,C0233308
hepatitis,tachypnea,C0019158,C0231835
hepatitis,pain abdominal,C0019158,C0000737
hepatitis,pruritus,C0019158,C0033774
hepatitis,anorexia,C0019158,C0003123
hepatitis,transaminitis,C0019158,C1096646
hepatitis,projectile vomiting,C0019158,C0221151
hepatitis,chill,C0019158,C0085593
hepatitis,distress respiratory,C0019158,C0476273
hepatitis,fever,C0019158,C0015967
hepatitis,vomiting,C0019158,C0042963
hypertension pulmonary,shortness of breath,C0020542,C0392680
hypertension pulmonary,Stahli's line,C0020542,C0271276
hypertension pulmonary,heavy legs,C0020542,C0581911
hypertension pulmonary,breath sounds decreased,C0020542,C0238844
hypertension pulmonary,neck stiffness,C0020542,C0151315
hypertension pulmonary,dyspnea on exertion,C0020542,C0231807
hypertension pulmonary,cyanosis,C0020542,C0010520
hypertension pulmonary,hypotension,C0020542,C0020649
hypertension pulmonary,left atrial hypertrophy,C0020542,C0238705
deglutition disorder,paresthesia,C0011168,C0030554
deglutition disorder,titubation,C0011168,C0231690
deglutition disorder,dysarthria,C0011168,C0013362
deglutition disorder,painful swallowing,C0011168,C0221150
deglutition disorder,hoarseness,C0011168,C0019825
deglutition disorder,stridor,C0011168,C0038450
deglutition disorder,spasm,C0011168,C0037763
deglutition disorder,asthenia,C0011168,C0004093
deglutition disorder,dysdiadochokinesia,C0011168,C0234979
deglutition disorder,ataxia,C0011168,C0004134
deglutition disorder,achalasia,C0011168,C1321756
deglutition disorder,decreased body weight,C0011168,C0043096
deglutition disorder,stiffness,C0011168,C0427008
deglutition disorder,lesion,C0011168,C0221198
deglutition disorder,side pain,C0011168,C0748706
gout,hot flush,C0018099,C0600142
gout,pain,C0018099,C0030193
gout,redness,C0018099,C0332575
gout,swelling,C0018099,C0038999
gout,erythema,C0018099,C0041834
gout,emphysematous change,C0018099,C0743482
gout,sore to touch,C0018099,C0234233
gout,hypokinesia,C0018099,C0086439
gout,ascites,C0018099,C0003962
gout,patient non compliance,C0018099,C0376405
thrombocytopaenia,ecchymosis,C0040034,C0013491
thrombocytopaenia,monocytosis,C0040034,C0085702
thrombocytopaenia,posterior rhinorrhea,C0040034,C0032781
thrombocytopaenia,haemorrhage,C0040034,C0019080
thrombocytopaenia,tachypnea,C0040034,C0231835
thrombocytopaenia,fever,C0040034,C0015967
thrombocytopaenia,pruritus,C0040034,C0033774
thrombocytopaenia,hypotension,C0040034,C0020649
thrombocytopaenia,fatigue,C0040034,C0015672
hypoglycemia,unresponsiveness,C0020615,C0241526
hypoglycemia,"hypothermia, natural",C0020615,C0020672
hypoglycemia,incoherent,C0020615,C0542044
hypoglycemia,qt interval prolonged,C0020615,C0151878
hypoglycemia,lameness,C0020615,C0311395
hypoglycemia,unconscious state,C0020615,C0041657
hypoglycemia,clammy skin,C0020615,C0392162
hypoglycemia,polyuria,C0020615,C0032617
hypoglycemia,distress respiratory,C0020615,C0476273
hypoglycemia,hypotension,C0020615,C0020649
pneumonia aspiration,mediastinal shift,C0032290,C0264576
pneumonia aspiration,fever,C0032290,C0015967
pneumonia aspiration,clonus,C0032290,C0009024
pneumonia aspiration,mental status changes,C0032290,C0856054
pneumonia aspiration,decreased translucency,C0032290,C0029053
pneumonia aspiration,unresponsiveness,C0032290,C0241526
pneumonia aspiration,extreme exhaustion,C0032290,C0277794
pneumonia aspiration,stupor,C0032290,C0085628
pneumonia aspiration,seizure,C0032290,C0036572
pneumonia aspiration,transaminitis,C0032290,C1096646
pneumonia aspiration,hemiplegia,C0032290,C0018991
pneumonia aspiration,cough,C0032290,C0010200
pneumonia aspiration,gurgle,C0032290,C0232517
pneumonia aspiration,pain,C0032290,C0030193
pneumonia aspiration,diarrhea,C0032290,C0011991
pneumonia aspiration,pain abdominal,C0032290,C0000737
colitis,fever,C0009319,C0015967
colitis,thicken,C0009319,C0205400
colitis,green sputum,C0009319,C0457097
colitis,vomiting,C0009319,C0042963
colitis,nausea and vomiting,C0009319,C0027498
colitis,awakening early,C0009319,C0541798
colitis,pain,C0009319,C0030193
colitis,nausea,C0009319,C0027497
colitis,chill,C0009319,C0085593
colitis,tenesmus,C0009319,C0232726
colitis,urge incontinence,C0009319,C0150045
colitis,pain abdominal,C0009319,C0000737
colitis,hemodynamically stable,C0009319,C0578150
diverticulosis,fecaluria,C1510475,C1167754
diverticulosis,constipation,C1510475,C0009806
diverticulosis,abscess bacterial,C1510475,C0549483
diverticulosis,heme positive,C1510475,C0744740
diverticulosis,lightheadedness,C1510475,C0220870
diverticulosis,diarrhea,C1510475,C0011991
diverticulosis,haemorrhage,C1510475,C0019080
diverticulosis,pain,C1510475,C0030193
diverticulosis,projectile vomiting,C1510475,C0221151
diverticulosis,pneumatouria,C1510475,C0232894
diverticulosis,cystic lesion,C1510475,C1511606
diverticulosis,anorexia,C1510475,C0003123
diverticulosis,nausea,C1510475,C0027497
diverticulosis,feeling suicidal,C1510475,C0424000
diverticulosis,feeling hopeless,C1510475,C0150041
suicide attempt,hallucinations auditory,C0038663,C0233762
suicide attempt,sleeplessness,C0038663,C0917801
suicide attempt,suicidal,C0038663,C0438696
suicide attempt,motor retardation,C0038663,C0424230
suicide attempt,weepiness,C0038663,C0424109
suicide attempt,unable to concentrate,C0038663,C0235198
suicide attempt,todd paralysis,C0038663,C0234544
suicide attempt,worry,C0038663,C0233481
suicide attempt,fatigue,C0038663,C0015672
suicide attempt,tremor,C0038663,C0040822
suicide attempt,alcoholic withdrawal symptoms,C0038663,C0740880
suicide attempt,agitation,C0038663,C0085631
suicide attempt,unresponsiveness,C0038663,C0241526
suicide attempt,blackout,C0038663,C0312422
suicide attempt,withdraw,C0038663,C0424092
suicide attempt,difficulty,C0038663,C1299586
suicide attempt,irritable mood,C0038663,C0022107
suicide attempt,sensory discomfort,C0038663,C0234215
suicide attempt,drowsiness,C0038663,C0013144
suicide attempt,formication,C0038663,C0016579
suicide attempt,unconscious state,C0038663,C0041657
suicide attempt,fever,C0038663,C0015967
suicide attempt,cough,C0038663,C0010200
Pneumocystis carinii pneumonia,yellow sputum,C0032305,C0457096
Pneumocystis carinii pneumonia,cachexia,C0032305,C0006625
Pneumocystis carinii pneumonia,chill,C0032305,C0085593
Pneumocystis carinii pneumonia,decreased body weight,C0032305,C0043096
Pneumocystis carinii pneumonia,productive cough,C0032305,C0239134
Pneumocystis carinii pneumonia,myalgia,C0032305,C0231528
Pneumocystis carinii pneumonia,diarrhea,C0032305,C0011991
Pneumocystis carinii pneumonia,neck stiffness,C0032305,C0151315
Pneumocystis carinii pneumonia,hacking cough,C0032305,C0239133
Pneumocystis carinii pneumonia,dyspareunia,C0032305,C1384606
Pneumocystis carinii pneumonia,hypokalemia,C0032305,C0020621
Pneumocystis carinii pneumonia,dyspnea on exertion,C0032305,C0231807
Pneumocystis carinii pneumonia,poor dentition,C0032305,C0149758
Pneumocystis carinii pneumonia,transaminitis,C0032305,C1096646
Pneumocystis carinii pneumonia,non-productive cough,C0032305,C0850149
Pneumocystis carinii pneumonia,headache,C0032305,C0018681
Pneumocystis carinii pneumonia,floppy,C0032305,C0857516
Pneumocystis carinii pneumonia,spontaneous rupture of membranes,C0032305,C0233308
hepatitis B,inappropriate affect,C0019163,C0233467
hepatitis B,tachypnea,C0019163,C0231835
hepatitis B,yellow sputum,C0019163,C0457096
hepatitis B,projectile vomiting,C0019163,C0221151
hepatitis B,poor feeding,C0019163,C0576456
hepatitis B,pain abdominal,C0019163,C0000737
hepatitis B,abdominal tenderness,C0019163,C0232498
hepatitis B,wheelchair bound,C0019163,C0558195
hepatitis B,moan,C0019163,C0859032
parkinson disease,achalasia,C0030567,C1321756
parkinson disease,fall,C0030567,C0085639
parkinson disease,stiffness,C0030567,C0427008
parkinson disease,withdraw,C0030567,C0424092
parkinson disease,agitation,C0030567,C0085631
parkinson disease,hemiplegia,C0030567,C0018991
parkinson disease,difficulty,C0030567,C1299586
parkinson disease,unresponsiveness,C0030567,C0241526
parkinson disease,syncope,C0030567,C0039070
parkinson disease,facial paresis,C0030567,C0427055
parkinson disease,orthostasis,C0030567,C0149746
parkinson disease,worry,C0030567,C0233481
parkinson disease,drowsiness,C0030567,C0013144
parkinson disease,hematuria,C0030567,C0018965
parkinson disease,tremor,C0030567,C0040822
parkinson disease,night sweat,C0030567,C0028081
parkinson disease,mass of body structure,C0030567,C0577559
lymphoma,lesion,C0024299,C0221198
lymphoma,fever,C0024299,C0015967
lymphoma,welt,C0024299,C0221232
lymphoma,transaminitis,C0024299,C1096646
lymphoma,decreased body weight,C0024299,C0043096
lymphoma,ataxia,C0024299,C0004134
lymphoma,tinnitus,C0024299,C0040264
lymphoma,hydropneumothorax,C0024299,C0020303
lymphoma,superimposition,C0024299,C0429562
lymphoma,haemoptysis,C0024299,C0019079
lymphoma,fatigue,C0024299,C0015672
lymphoma,polydypsia,C0024299,C0085602
lymphoma,difficulty passing urine,C0024299,C0241705
hyperglycemia,sore to touch,C0020456,C0234233
hyperglycemia,pruritus,C0020456,C0033774
hyperglycemia,feeling strange,C0020456,C0235129
hyperglycemia,pustule,C0020456,C0241157
hyperglycemia,cushingoid facies,C0020456,C0332601
hyperglycemia,decreased body weight,C0020456,C0043096
hyperglycemia,mood depressed,C0020456,C0344315
hyperglycemia,estrogen use,C0020456,C0239301
hyperglycemia,wheezing,C0020456,C0043144
hyperglycemia,ascites,C0020456,C0003962
hyperglycemia,seizure,C0020456,C0036572
encephalopathy,uncoordination,C0085584,C0242143
encephalopathy,asterixis,C0085584,C0232766
encephalopathy,haemorrhage,C0085584,C0019080
encephalopathy,drowsiness,C0085584,C0013144
encephalopathy,absences finding,C0085584,C0424530
encephalopathy,posturing,C0085584,C0872410
encephalopathy,aura,C0085584,C0236018
encephalopathy,tonic seizures,C0085584,C0270844
encephalopathy,debilitation,C0085584,C0742985
encephalopathy,consciousness clear,C0085584,C0239110
encephalopathy,unresponsiveness,C0085584,C0241526
encephalopathy,thicken,C0085584,C0205400
encephalopathy,hypokinesia,C0085584,C0086439
tricuspid valve insufficiency,shortness of breath,C0040961,C0392680
tricuspid valve insufficiency,pain,C0040961,C0030193
tricuspid valve insufficiency,vomiting,C0040961,C0042963
tricuspid valve insufficiency,nausea,C0040961,C0027497
tricuspid valve insufficiency,bradycardia,C0040961,C0428977
tricuspid valve insufficiency,pain abdominal,C0040961,C0000737
tricuspid valve insufficiency,fever,C0040961,C0015967
tricuspid valve insufficiency,cicatrisation,C0040961,C0008767
tricuspid valve insufficiency,mediastinal shift,C0040961,C0264576
tricuspid valve insufficiency,impaired cognition,C0040961,C0338656
Alzheimer's disease,drool,C0002395,C0013132
Alzheimer's disease,agitation,C0002395,C0085631
Alzheimer's disease,nightmare,C0002395,C0028084
Alzheimer's disease,rhonchus,C0002395,C0035508
Alzheimer's disease,consciousness clear,C0002395,C0239110
Alzheimer's disease,pin-point pupils,C0002395,C0235231
Alzheimer's disease,bedridden,C0002395,C0425251
Alzheimer's disease,frail,C0002395,C0871754
Alzheimer's disease,tremor resting,C0002395,C0234379
Alzheimer's disease,hyperkalemia,C0002395,C0020461
Alzheimer's disease,facial paresis,C0002395,C0427055
Alzheimer's disease,groggy,C0002395,C0541992
Alzheimer's disease,muscle twitch,C0002395,C0231530
Alzheimer's disease,wheelchair bound,C0002395,C0558195
Alzheimer's disease,tremor,C0002395,C0040822
Alzheimer's disease,cough,C0002395,C0010200
Alzheimer's disease,fever,C0002395,C0015967
candidiasis,diarrhea,C0006840,C0011991
candidiasis,throat sore,C0006840,C0242429
candidiasis,decreased body weight,C0006840,C0043096
candidiasis,chill,C0006840,C0085593
candidiasis,headache,C0006840,C0018681
candidiasis,abdominal tenderness,C0006840,C0232498
candidiasis,patient non compliance,C0006840,C0376405
candidiasis,photophobia,C0006840,C0085636
candidiasis,night sweat,C0006840,C0028081
candidiasis,painful swallowing,C0006840,C0221150
candidiasis,poor dentition,C0006840,C0149758
candidiasis,transaminitis,C0006840,C1096646
candidiasis,non-productive cough,C0006840,C0850149
candidiasis,adverse reaction,C0006840,C0559546
candidiasis,abdominal bloating,C0006840,C1291077
neuropathy,asthenia,C0442874,C0004093
neuropathy,numbness,C0442874,C0028643
neuropathy,nausea and vomiting,C0442874,C0027498
neuropathy,awakening early,C0442874,C0541798
neuropathy,hydropneumothorax,C0442874,C0020303
neuropathy,superimposition,C0442874,C0429562
neuropathy,fatigability,C0442874,C0231230
neuropathy,tenesmus,C0442874,C0232726
neuropathy,pain,C0442874,C0030193
neuropathy,slowing of urinary stream,C0442874,C0232854
kidney disease,shortness of breath,C0022658,C0392680
kidney disease,hyperkalemia,C0022658,C0020461
kidney disease,pain chest,C0022658,C0008031
kidney disease,fever,C0022658,C0015967
kidney disease,gravida 0,C0022658,C0232995
kidney disease,bleeding of vagina,C0022658,C0151706
fibroid tumor,para 2,C0023267,C0233071
fibroid tumor,haemorrhage,C0023267,C0019080
fibroid tumor,abortion,C0023267,C0156543
fibroid tumor,intermenstrual heavy bleeding,C0023267,C0232943
fibroid tumor,muscle hypotonia,C0023267,C0026827
fibroid tumor,previous pregnancies 2,C0023267,C0232997
fibroid tumor,shortness of breath,C0023267,C0392680
fibroid tumor,fever,C0023267,C0015967
fibroid tumor,heartburn,C0023267,C0018834
fibroid tumor,primigravida,C0023267,C0860096
fibroid tumor,abnormally hard consistency,C0023267,C0702118
fibroid tumor,proteinemia,C0023267,C1405524
glaucoma,fall,C0017601,C0085639
glaucoma,distended abdomen,C0017601,C0000731
glaucoma,unsteady gait,C0017601,C1273573
glaucoma,paresthesia,C0017601,C0030554
glaucoma,hyponatremia,C0017601,C0020625
glaucoma,agitation,C0017601,C0085631
glaucoma,unconscious state,C0017601,C0041657
glaucoma,burning sensation,C0017601,C0085624
glaucoma,lesion,C0017601,C0221198
glaucoma,mass of body structure,C0017601,C0577559
neoplasm metastasis,thicken,C0027627,C0205400
neoplasm metastasis,tumor cell invasion,C0027627,C1269955
neoplasm metastasis,metastatic lesion,C0027627,C1513183
neoplasm metastasis,pain neck,C0027627,C0007859
neoplasm metastasis,lung nodule,C0027627,C0034079
neoplasm metastasis,pain,C0027627,C0030193
neoplasm metastasis,pain abdominal,C0027627,C0000737
neoplasm metastasis,food intolerance,C0027627,C0149696
neoplasm metastasis,mass of body structure,C0027627,C0577559
neoplasm metastasis,atypia,C0027627,C0741302
malignant tumor of colon,lesion,C0007102,C0221198
malignant tumor of colon,prostatism,C0007102,C0242453
malignant tumor of colon,constipation,C0007102,C0009806
malignant tumor of colon,general discomfort,C0007102,C0858924
malignant tumor of colon,diarrhea,C0007102,C0011991
malignant tumor of colon,pain abdominal,C0007102,C0000737
malignant tumor of colon,urinary hesitation,C0007102,C0152032
malignant tumor of colon,dizzy spells,C0007102,C0857087
malignant tumor of colon,shooting pain,C0007102,C0278146
malignant tumor of colon,bradycardia,C0007102,C0428977
malignant tumor of colon,vomiting,C0007102,C0042963
malignant tumor of colon,systolic ejection murmur,C0007102,C0694547
malignant tumor of colon,nausea,C0007102,C0027497
malignant tumor of colon,hyperemesis,C0007102,C0235250
malignant tumor of colon,polydypsia,C0007102,C0085602
ketoacidosis diabetic ,polyuria,C0011880,C0032617
ketoacidosis diabetic ,vomiting,C0011880,C0042963
ketoacidosis diabetic ,nausea,C0011880,C0027497
ketoacidosis diabetic ,pain abdominal,C0011880,C0000737
ketoacidosis diabetic ,milky,C0011880,C0443260
ketoacidosis diabetic ,feeling strange,C0011880,C0235129
ketoacidosis diabetic ,gurgle,C0011880,C0232517
ketoacidosis diabetic ,nervousness,C0011880,C0027769
ketoacidosis diabetic ,abdominal tenderness,C0011880,C0232498
ketoacidosis diabetic ,regurgitates after swallowing,C0011880,C0232605
ketoacidosis diabetic ,vision blurred,C0011880,C0344232
ketoacidosis diabetic ,urinary hesitation,C0011880,C0152032
ketoacidosis diabetic ,diarrhea,C0011880,C0011991
ketoacidosis diabetic ,seizure,C0011880,C0036572
ketoacidosis diabetic ,aura,C0011880,C0236018
tonic-clonic epilepsy,drowsiness,C0014549,C0013144
tonic-clonic epilepsy,lip smacking,C0014549,C0542073
tonic-clonic epilepsy,myoclonus,C0014549,C0027066
tonic-clonic epilepsy,tremor,C0014549,C0040822
tonic-clonic epilepsy,phonophobia,C0014549,C0751466
tonic-clonic epilepsy,rolling of eyes,C0014549,C0522336
tonic-clonic epilepsy,sleepy,C0014549,C0234450
tonic-clonic epilepsy,hirsutism,C0014549,C0019572
tonic-clonic epilepsy,moody,C0014549,C0554980
tonic-clonic epilepsy,muscle twitch,C0014549,C0231530
tonic-clonic epilepsy,unresponsiveness,C0014549,C0241526
tonic-clonic epilepsy,headache,C0014549,C0018681
tonic-clonic epilepsy,ambidexterity,C0014549,C0002416
tonic-clonic epilepsy,absences finding,C0014549,C0424530
tonic-clonic epilepsy,spasm,C0014549,C0037763
tonic-clonic epilepsy,decreased body weight,C0014549,C0043096
tonic-clonic epilepsy,tumor cell invasion,C0014549,C1269955
malignant neoplasms,pulsus paradoxus,C0006826,C0232118
malignant neoplasms,gravida 10,C0006826,C1291692
malignant neoplasms,mass of body structure,C0006826,C0577559
malignant neoplasms,lesion,C0006826,C0221198
malignant neoplasms,heartburn,C0006826,C0018834
malignant neoplasms,night sweat,C0006826,C0028081
malignant neoplasms,thicken,C0006826,C0205400
malignant neoplasms,chill,C0006826,C0085593
malignant neoplasms,decreased translucency,C0006826,C0029053
malignant neoplasms,pain abdominal,C0006826,C0000737
malignant neoplasms,dullness,C0006826,C0541911
malignant neoplasms,food intolerance,C0006826,C0149696
malignant neoplasms,distress respiratory,C0006826,C0476273
malignant neoplasms,hypotension,C0006826,C0020649
respiratory failure,hemiplegia,C1145670,C0018991
respiratory failure,snore,C1145670,C0037384
respiratory failure,unresponsiveness,C1145670,C0241526
respiratory failure,productive cough,C1145670,C0239134
respiratory failure,dyspnea,C1145670,C0013404
respiratory failure,tachypnea,C1145670,C0231835
respiratory failure,hyperkalemia,C1145670,C0020461
respiratory failure,hypokinesia,C1145670,C0086439
respiratory failure,sinus rhythm,C1145670,C0232201
respiratory failure,general unsteadiness,C1145670,C0427108
respiratory failure,bruit,C1145670,C0006318
respiratory failure,consciousness clear,C1145670,C0239110
respiratory failure,shortness of breath,C1145670,C0392680
respiratory failure,lesion,C1145670,C0221198
respiratory failure,redness,C1145670,C0332575
melanoma,mass of body structure,C0025202,C0577559
melanoma,paraparesis,C0025202,C0221166
melanoma,fever,C0025202,C0015967
melanoma,gravida 0,C0025202,C0232995
melanoma,pain,C0025202,C0030193
melanoma,pruritus,C0025202,C0033774
melanoma,mass in breast,C0025202,C0024103
melanoma,vomiting,C0025202,C0042963
melanoma,diarrhea,C0025202,C0011991
gastroenteritis,pain abdominal,C0017160,C0000737
gastroenteritis,breath-holding spell,C0017160,C0476287
gastroenteritis,nausea,C0017160,C0027497
gastroenteritis,decreased body weight,C0017160,C0043096
gastroenteritis,sore to touch,C0017160,C0234233
gastroenteritis,scleral icterus,C0017160,C0240962
gastroenteritis,fever,C0017160,C0015967
gastroenteritis,myalgia,C0017160,C0231528
gastroenteritis,hyponatremia,C0017160,C0020625
gastroenteritis,retch,C0017160,C0232602
gastroenteritis,mass of body structure,C0017160,C0577559
gastroenteritis,decreased body weight,C0017160,C0043096
malignant neoplasm of lung,lesion,C0242379,C0221198
malignant neoplasm of lung,cough,C0242379,C0010200
malignant neoplasm of lung,lung nodule,C0242379,C0034079
malignant neoplasm of lung,shortness of breath,C0242379,C0392680
malignant neoplasm of lung,haemoptysis,C0242379,C0019079
malignant neoplasm of lung,debilitation,C0242379,C0742985
malignant neoplasm of lung,gurgle,C0242379,C0232517
malignant neoplasm of lung,ache,C0242379,C0234238
malignant neoplasm of lung,rale,C0242379,C0034642
malignant neoplasm of lung,night sweat,C0242379,C0028081
malignant neoplasm of lung,decreased translucency,C0242379,C0029053
malignant neoplasm of lung,asthenia,C0242379,C0004093
malignant neoplasm of lung,metastatic lesion,C0242379,C1513183
malignant neoplasm of lung,agitation,C0242379,C0085631
malignant neoplasm of lung,irritable mood,C0242379,C0022107
manic disorder,energy increased,C0024713,C0455769
manic disorder,suicidal,C0024713,C0438696
manic disorder,hypersomnia,C0024713,C0917799
manic disorder,feeling suicidal,C0024713,C0424000
manic disorder,blanch,C0024713,C0948786
manic disorder,hallucinations auditory,C0024713,C0233762
manic disorder,hallucinations visual,C0024713,C0233763
manic disorder,elation,C0024713,C0233492
manic disorder,verbal auditory hallucinations,C0024713,C0424068
manic disorder,feeling hopeless,C0024713,C0150041
manic disorder,difficulty,C0024713,C1299586
manic disorder,decompensation,C0024713,C0231187
manic disorder,verbally abusive behavior,C0024713,C0558089
manic disorder,suicidal,C0024713,C0438696
manic disorder,feeling suicidal,C0024713,C0424000
personality disorder,nightmare,C0031212,C0028084
personality disorder,feeling hopeless,C0031212,C0150041
personality disorder,transsexual,C0031212,C0558141
personality disorder,hallucinations auditory,C0031212,C0233762
personality disorder,irritable mood,C0031212,C0022107
personality disorder,sleeplessness,C0031212,C0917801
personality disorder,agitation,C0031212,C0085631
personality disorder,weepiness,C0031212,C0424109
personality disorder,mood depressed,C0031212,C0344315
personality disorder,scratch marks,C0031212,C1384489
personality disorder,nausea and vomiting,C0031212,C0027498
personality disorder,extreme exhaustion,C0031212,C0277794
personality disorder,side pain,C0031212,C0748706
personality disorder,worry,C0031212,C0233481
personality disorder,enuresis,C0031212,C0014394
personality disorder,homelessness,C0031212,C0237154
personality disorder,nervousness,C0031212,C0027769
personality disorder,ascites,C0031212,C0003962
personality disorder,pruritus,C0031212,C0033774
primary carcinoma of the liver cells,mass of body structure,C0019204,C0577559
primary carcinoma of the liver cells,splenomegaly,C0019204,C0038002
primary carcinoma of the liver cells,lesion,C0019204,C0221198
primary carcinoma of the liver cells,paresis,C0019204,C0030552
primary carcinoma of the liver cells,tumor cell invasion,C0019204,C1269955
primary carcinoma of the liver cells,room spinning,C0019204,C0848277
primary carcinoma of the liver cells,haemorrhage,C0019204,C0019080
primary carcinoma of the liver cells,thicken,C0019204,C0205400
primary carcinoma of the liver cells,indifferent mood,C0019204,C0085632
primary carcinoma of the liver cells,cachexia,C0019204,C0006625
primary carcinoma of the liver cells,"hypothermia, natural",C0019204,C0020672
primary carcinoma of the liver cells,pain abdominal,C0019204,C0000737
primary carcinoma of the liver cells,hepatomegaly,C0019204,C0019209
primary carcinoma of the liver cells,hematocrit decreased,C0019204,C0744727
primary carcinoma of the liver cells,stupor,C0019204,C0085628
primary carcinoma of the liver cells,decreased body weight,C0019204,C0043096
primary carcinoma of the liver cells,shortness of breath,C0019204,C0392680
primary carcinoma of the liver cells,cough,C0019204,C0010200
emphysema pulmonary,behavior showing increased motor activity,C0034067,C0474395
emphysema pulmonary,scar tissue,C0034067,C0241158
emphysema pulmonary,dyspnea on exertion,C0034067,C0231807
emphysema pulmonary,coordination abnormal,C0034067,C0520966
emphysema pulmonary,myalgia,C0034067,C0231528
emphysema pulmonary,hypercapnia,C0034067,C0020440
emphysema pulmonary,clammy skin,C0034067,C0392162
emphysema pulmonary,has religious belief,C0034067,C0557075
emphysema pulmonary,room spinning,C0034067,C0848277
emphysema pulmonary,moan,C0034067,C0859032
emphysema pulmonary,night sweat,C0034067,C0028081
emphysema pulmonary,cachexia,C0034067,C0006625
emphysema pulmonary,symptom aggravating factors,C0034067,C0436331
emphysema pulmonary,dyspnea,C0034067,C0013404
emphysema pulmonary,rale,C0034067,C0034642
emphysema pulmonary,flushing,C0034067,C0016382
emphysema pulmonary,painful swallowing,C0034067,C0221150
emphysema pulmonary,arthralgia,C0034067,C0003862
emphysema pulmonary,choke,C0034067,C0008301
emphysema pulmonary,tenesmus,C0034067,C0232726
emphysema pulmonary,constipation,C0034067,C0009806
hemorrhoids,haemorrhage,C0019112,C0019080
hemorrhoids,bowel sounds decreased,C0019112,C0232695
hemorrhoids,decreased stool caliber,C0019112,C0278014
hemorrhoids,nausea and vomiting,C0019112,C0027498
hemorrhoids,hunger,C0019112,C0020175
hemorrhoids,diarrhea,C0019112,C0011991
hemorrhoids,dizziness,C0019112,C0012833
hemorrhoids,hyponatremia,C0019112,C0020625
hemorrhoids,clonus,C0019112,C0009024
hemorrhoids,pain,C0019112,C0030193
hemorrhoids,achalasia,C0019112,C1321756
hemorrhoids,burning sensation,C0019112,C0085624
hemorrhoids,guaiac positive,C0019112,C0744492
hemorrhoids,numbness of hand,C0019112,C0239832
hemorrhoids,wheezing,C0019112,C0043144
hemorrhoids,cough,C0019112,C0010200
spasm bronchial,shortness of breath,C0006266,C0392680
spasm bronchial,scar tissue,C0006266,C0241158
spasm bronchial,apyrexial,C0006266,C0277797
spasm bronchial,no known drug allergies,C0006266,C0262581
spasm bronchial,pain,C0006266,C0030193
spasm bronchial,productive cough,C0006266,C0239134
spasm bronchial,throat sore,C0006266,C0242429
spasm bronchial,dyspnea,C0006266,C0013404
spasm bronchial,chest tightness,C0006266,C0232292
spasm bronchial,hypoxemia,C0006266,C0700292
spasm bronchial,tachypnea,C0006266,C0231835
spasm bronchial,sensory discomfort,C0006266,C0234215
spasm bronchial,fever,C0006266,C0015967
spasm bronchial,vomiting,C0006266,C0042963
spasm bronchial,rhonchus,C0006266,C0035508
spasm bronchial,hemiplegia,C0006266,C0018991
spasm bronchial,fremitus,C0006266,C0231890
aphasia,clonus,C0003537,C0009024
aphasia,egophony,C0003537,C0231872
aphasia,facial paresis,C0003537,C0427055
aphasia,aphagia,C0003537,C0221470
aphasia,muscle twitch,C0003537,C0231530
aphasia,paralyse,C0003537,C0522224
aphasia,low back pain,C0003537,C0024031
aphasia,charleyhorse,C0003537,C0277823
obesity morbid,out of breath,C0028756,C0848168
obesity morbid,sedentary,C0028756,C0205254
obesity morbid,angina pectoris,C0028756,C0002962
obesity morbid,cough,C0028756,C0010200
obesity morbid,unhappy,C0028756,C0847488
obesity morbid,labored breathing,C0028756,C0553668
obesity morbid,"hypothermia, natural",C0028756,C0020672
obesity morbid,dyspnea,C0028756,C0013404
obesity morbid,hematocrit decreased,C0028756,C0744727
obesity morbid,wheezing,C0028756,C0043144
obesity morbid,hypoxemia,C0028756,C0700292
obesity morbid,renal angle tenderness,C0028756,C0235634
obesity morbid,feels hot/feverish,C0028756,C0424749
pyelonephritis,fever,C0034186,C0015967
pyelonephritis,pain,C0034186,C0030193
pyelonephritis,urgency of micturition,C0034186,C0085606
pyelonephritis,hematuria,C0034186,C0018965
pyelonephritis,vomiting,C0034186,C0042963
pyelonephritis,chill,C0034186,C0085593
pyelonephritis,diarrhea,C0034186,C0011991
pyelonephritis,nausea,C0034186,C0027497
pyelonephritis,pain abdominal,C0034186,C0000737
pyelonephritis,myalgia,C0034186,C0231528
pyelonephritis,fever,C0034186,C0015967
pyelonephritis,chill,C0034186,C0085593
endocarditis,pleuritic pain,C0014118,C0008033
endocarditis,thicken,C0014118,C0205400
endocarditis,myalgia,C0014118,C0231528
endocarditis,apyrexial,C0014118,C0277797
endocarditis,night sweat,C0014118,C0028081
endocarditis,flare,C0014118,C1517205
endocarditis,shortness of breath,C0014118,C0392680
endocarditis,orthopnea,C0014118,C0085619
endocarditis,abscess bacterial,C0014118,C0549483
endocarditis,hypotension,C0014118,C0020649
endocarditis,cough,C0014118,C0010200
endocarditis,metastatic lesion,C0014118,C1513183
endocarditis,breath sounds decreased,C0014118,C0238844
endocarditis,decreased body weight,C0014118,C0043096
endocarditis,decreased body weight,C0014118,C0043096
endocarditis,pulsus paradoxus,C0014118,C0232118
endocarditis,hypokinesia,C0014118,C0086439
effusion pericardial,pericardial friction rub,C0031039,C0232267
effusion pericardial,dyspnea,C0031039,C0013404
effusion pericardial,shortness of breath,C0031039,C0392680
effusion pericardial,hemodynamically stable,C0031039,C0578150
effusion pericardial,cardiomegaly,C0031039,C0018800
effusion pericardial,hypotension,C0031039,C0020649
effusion pericardial,sputum purulent,C0031039,C0241235
effusion pericardial,facial paresis,C0031039,C0427055
effusion pericardial,pain,C0031039,C0030193
effusion pericardial,oliguria,C0031039,C0028961
effusion pericardial,blackout,C0031039,C0312422
effusion pericardial,intoxication,C0031039,C0728899
chronic alcoholic intoxication,tremor,C0001973,C0040822
chronic alcoholic intoxication,hallucinations auditory,C0001973,C0233762
chronic alcoholic intoxication,suicidal,C0001973,C0438696
chronic alcoholic intoxication,hoard,C0001973,C0424337
chronic alcoholic intoxication,irritable mood,C0001973,C0022107
chronic alcoholic intoxication,feeling hopeless,C0001973,C0150041
chronic alcoholic intoxication,feeling suicidal,C0001973,C0424000
chronic alcoholic intoxication,neologism,C0001973,C0233647
chronic alcoholic intoxication,seizure,C0001973,C0036572
chronic alcoholic intoxication,homelessness,C0001973,C0237154
chronic alcoholic intoxication,sleeplessness,C0001973,C0917801
chronic alcoholic intoxication,unconscious state,C0001973,C0041657
chronic alcoholic intoxication,panic,C0001973,C0030318
chronic alcoholic intoxication,breath sounds decreased,C0001973,C0238844
chronic alcoholic intoxication,shortness of breath,C0001973,C0392680
pneumothorax,dyspnea,C0032326,C0013404
pneumothorax,cardiovascular finding,C0032326,C0425560
pneumothorax,haemoptysis,C0032326,C0019079
pneumothorax,cough,C0032326,C0010200
pneumothorax,hypercapnia,C0032326,C0020440
pneumothorax,soft tissue swelling,C0032326,C0037580
pneumothorax,prostatism,C0032326,C0242453
pneumothorax,agitation,C0032326,C0085631
delirium,unsteady gait,C0011206,C1273573
delirium,withdraw,C0011206,C0424092
delirium,hyponatremia,C0011206,C0020625
delirium,verbally abusive behavior,C0011206,C0558089
delirium,feeling suicidal,C0011206,C0424000
delirium,unresponsiveness,C0011206,C0241526
delirium,worry,C0011206,C0233481
delirium,drowsiness,C0011206,C0013144
delirium,hallucinations auditory,C0011206,C0233762
delirium,suicidal,C0011206,C0438696
delirium,fever,C0011206,C0015967
delirium,diarrhea,C0011206,C0011991
neutropenia,transaminitis,C0027947,C1096646
neutropenia,splenomegaly,C0027947,C0038002
neutropenia,night sweat,C0027947,C0028081
neutropenia,apyrexial,C0027947,C0277797
neutropenia,lesion,C0027947,C0221198
neutropenia,snuffle,C0027947,C1260880
neutropenia,chill,C0027947,C0085593
neutropenia,cough,C0027947,C0010200
neutropenia,monoclonal,C0027947,C0746619
neutropenia,hypocalcemia result,C0027947,C0020598
neutropenia,oliguria,C0027947,C0028961
neutropenia,rhd positive,C0027947,C0427629
neutropenia,distress respiratory,C0027947,C0476273
hyperbilirubinemia,cyanosis,C0020433,C0010520
hyperbilirubinemia,tachypnea,C0020433,C0231835
hyperbilirubinemia,para 1,C0020433,C0233070
hyperbilirubinemia,bradycardia,C0020433,C0428977
hyperbilirubinemia,breech presentation,C0020433,C0006157
hyperbilirubinemia,cushingoid facies,C0020433,C0332601
hyperbilirubinemia,cough,C0020433,C0010200
hyperbilirubinemia,myalgia,C0020433,C0231528
influenza,uncoordination,C0021400,C0242143
influenza,fever,C0021400,C0015967
influenza,pleuritic pain,C0021400,C0008033
influenza,snuffle,C0021400,C1260880
influenza,throat sore,C0021400,C0242429
influenza,malaise,C0021400,C0231218
influenza,debilitation,C0021400,C0742985
influenza,symptom aggravating factors,C0021400,C0436331
influenza,chill,C0021400,C0085593
influenza,scleral icterus,C0021400,C0240962
influenza,nasal flaring,C0021400,C0277873
influenza,dysuria,C0021400,C0013428
influenza,lip smacking,C0021400,C0542073
influenza,headache,C0021400,C0018681
influenza,sneeze,C0021400,C0037383
influenza,snore,C0021400,C0037384
influenza,green sputum,C0021400,C0457097
influenza,shortness of breath,C0021400,C0392680
influenza,distress respiratory,C0021400,C0476273
influenza,blackout,C0021400,C0312422
influenza,extreme exhaustion,C0021400,C0277794
dependence,intoxication,C0439857,C0728899
dependence,tremor,C0439857,C0040822
dependence,agitation,C0439857,C0085631
dependence,suicidal,C0439857,C0438696
dependence,homelessness,C0439857,C0237154
dependence,prostatism,C0439857,C0242453
dependence,lethargy,C0439857,C0023380
dependence,seizure,C0439857,C0036572
dependence,muscle twitch,C0439857,C0231530
dependence,stuffy nose,C0439857,C0848340
dependence,feeling hopeless,C0439857,C0150041
dependence,heavy legs,C0439857,C0581911
dependence,rale,C0439857,C0034642
thrombus,hypokinesia,C0087086,C0086439
thrombus,anorexia,C0087086,C0003123
thrombus,hypertonicity,C0087086,C0235396
thrombus,shortness of breath,C0087086,C0392680
thrombus,hypoalbuminemia,C0087086,C0239981
thrombus,pruritus,C0087086,C0033774
thrombus,sore to touch,C0087086,C0234233
thrombus,hemodynamically stable,C0087086,C0578150
thrombus,facial paresis,C0087086,C0427055
thrombus,vomiting,C0087086,C0042963
thrombus,stool color yellow,C0087086,C0241252
cholecystitis,moan,C0008325,C0859032
cholecystitis,nausea,C0008325,C0027497
cholecystitis,pain abdominal,C0008325,C0000737
cholecystitis,Murphy's sign,C0008325,C0277977
cholecystitis,flatulence,C0008325,C0016204
cholecystitis,colic abdominal,C0008325,C0232488
cholecystitis,pain,C0008325,C0030193
cholecystitis,ascites,C0008325,C0003962
cholecystitis,diarrhea,C0008325,C0011991
cholecystitis,qt interval prolonged,C0008325,C0151878
cholecystitis,cardiovascular finding,C0008325,C0425560
cholecystitis,groggy,C0008325,C0541992
cholecystitis,sinus rhythm,C0008325,C0232201
cholecystitis,gasping for breath,C0008325,C0425449
cholecystitis,constipation,C0008325,C0009806
cholecystitis,feces in rectum,C0008325,C0474505
cholecystitis,abnormally hard consistency,C0008325,C0702118
hernia hiatal,pain abdominal,C0019291,C0000737
hernia hiatal,fatigability,C0019291,C0231230
hernia hiatal,prodrome,C0019291,C0240805
hernia hiatal,vomiting,C0019291,C0042963
hernia hiatal,nausea,C0019291,C0027497
hernia hiatal,myalgia,C0019291,C0231528
hernia hiatal,hyponatremia,C0019291,C0020625
hernia hiatal,sore to touch,C0019291,C0234233
hernia hiatal,general discomfort,C0019291,C0858924
hernia hiatal,dyspnea on exertion,C0019291,C0231807
hernia hiatal,asterixis,C0019291,C0232766
hernia hiatal,guaiac positive,C0019291,C0744492
hernia hiatal,numbness of hand,C0019291,C0239832
hernia hiatal,headache,C0019291,C0018681
hernia hiatal,photophobia,C0019291,C0085636
migraine disorders,ambidexterity,C0149931,C0002416
migraine disorders,vomiting,C0149931,C0042963
migraine disorders,dizziness,C0149931,C0012833
migraine disorders,numbness,C0149931,C0028643
migraine disorders,nausea,C0149931,C0027497
migraine disorders,fever,C0149931,C0015967
migraine disorders,splenomegaly,C0149931,C0038002
pancytopenia,hypoproteinemia,C0030312,C0020639
pancytopenia,fatigue,C0030312,C0015672
pancytopenia,haemorrhage,C0030312,C0019080
pancytopenia,fatigability,C0030312,C0231230
pancytopenia,cushingoid facies,C0030312,C0332601
pancytopenia,stool color yellow,C0030312,C0241252
pancytopenia,colic abdominal,C0030312,C0232488
cholelithiasis,vomiting,C0008350,C0042963
cholelithiasis,nausea,C0008350,C0027497
cholelithiasis,pain abdominal,C0008350,C0000737
cholelithiasis,pain,C0008350,C0030193
cholelithiasis,cushingoid facies,C0008350,C0332601
cholelithiasis,ascites,C0008350,C0003962
cholelithiasis,thicken,C0008350,C0205400
cholelithiasis,sore to touch,C0008350,C0234233
cholelithiasis,diarrhea,C0008350,C0011991
cholelithiasis,apyrexial,C0008350,C0277797
cholelithiasis,palpitation,C0008350,C0030252
tachycardia sinus,left atrial hypertrophy,C0039239,C0238705
tachycardia sinus,sweat,C0039239,C0038990
tachycardia sinus,alcohol binge episode,C0039239,C0556346
tachycardia sinus,pressure chest,C0039239,C0438716
tachycardia sinus,scar tissue,C0039239,C0241158
tachycardia sinus,cardiovascular finding,C0039239,C0425560
tachycardia sinus,orthostasis,C0039239,C0149746
tachycardia sinus,shortness of breath,C0039239,C0392680
tachycardia sinus,t wave inverted,C0039239,C0520888
tachycardia sinus,vomiting,C0039239,C0042963
tachycardia sinus,pain abdominal,C0039239,C0000737
ileus,abscess bacterial,C1258215,C0549483
ileus,abdomen acute,C1258215,C0000727
ileus,air fluid level,C1258215,C0740844
ileus,catching breath,C1258215,C0425491
ileus,abdominal tenderness,C1258215,C0232498
ileus,nausea,C1258215,C0027497
ileus,sore to touch,C1258215,C0234233
ileus,flatulence,C1258215,C0016204
ileus,diarrhea,C1258215,C0011991
ileus,mass of body structure,C1258215,C0577559
ileus,apyrexial,C1258215,C0277797
ileus,constipation,C1258215,C0009806
ileus,thicken,C1258215,C0205400
ileus,gravida 0,C1258215,C0232995
ileus,pain abdominal,C1258215,C0000737
adhesion,flatulence,C0001511,C0016204
adhesion,pain,C0001511,C0030193
adhesion,large-for-dates fetus,C0001511,C0456091
adhesion,para 1,C0001511,C0233070
adhesion,vomiting,C0001511,C0042963
adhesion,lung nodule,C0001511,C0034079
adhesion,breech presentation,C0001511,C0006157
adhesion,shortness of breath,C0001511,C0392680
adhesion,decreased body weight,C0001511,C0043096
adhesion,immobile,C0001511,C0231441
adhesion,unsteady gait,C0001511,C1273573
adhesion,hallucinations visual,C0001511,C0233763
adhesion,feeling suicidal,C0001511,C0424000
delusion,loose associations,C0011253,C0240233
delusion,giddy mood,C0011253,C0392701
delusion,feeling hopeless,C0011253,C0150041
delusion,agitation,C0011253,C0085631
delusion,hallucinations auditory,C0011253,C0233762
delusion,irritable mood,C0011253,C0022107
delusion,sleeplessness,C0011253,C0917801
delusion,neologism,C0011253,C0233647
delusion,homicidal thoughts,C0011253,C0455204
delusion,disturbed family,C0011253,C0578859
delusion,worry,C0011253,C0233481
delusion,decompensation,C0011253,C0231187
delusion,verbally abusive behavior,C0011253,C0558089
delusion,catatonia,C0011253,C0007398
delusion,suicidal,C0011253,C0438696
delusion,terrify,C0011253,C0558261
delusion,blackout,C0011253,C0312422
delusion,weepiness,C0011253,C0424109
delusion,impaired cognition,C0011253,C0338656
delusion,irritable mood,C0011253,C0022107
delusion,agitation,C0011253,C0085631
affect labile,extreme exhaustion,C0233472,C0277794
affect labile,sleeplessness,C0233472,C0917801
affect labile,enuresis,C0233472,C0014394
affect labile,patient non compliance,C0233472,C0376405
affect labile,feeling hopeless,C0233472,C0150041
affect labile,hallucinations visual,C0233472,C0233763
affect labile,bedridden,C0233472,C0425251
affect labile,prostatism,C0233472,C0242453
decubitus ulcer,systolic murmur,C0011127,C0232257
decubitus ulcer,frail,C0011127,C0871754
decubitus ulcer,fever,C0011127,C0015967
